insert into veiculo_diagrama (codigo, nome, url_imagem)
values (25, 'PRANCHA 3 EIXOS', 'WWW.GOOGLE.COM/PRANCHA-3-EIXOS'),
       (26, 'PRANCHA 6 EIXOS - 8 PNEUS POR EIXO', 'WWW.GOOGLE.COM/PRANCHA-6-EIXOS-8-PNEUS-POR-EIXO');

INSERT INTO IMPLANTACAO.VEICULO_DIAGRAMA_USUARIO_PROLOG(COD_VEICULO_DIAGRAMA, NOME, QTD_EIXOS)
VALUES (25, 'PRANCHA 3 EIXOS', 3),
       (26, 'PRANCHA 6 EIXOS - 8 PNEUS POR EIXO', 6);

update veiculo_diagrama set nome = 'PRANCHA 6 EIXOS - 4 PNEUS POR EIXO' where codigo = 20;

insert into veiculo_diagrama_eixos(cod_diagrama, tipo_eixo, posicao, qt_pneus, eixo_direcional)
values (25, 'T', 1, 8, false),
       (25, 'T', 2, 8, false),
       (25, 'T', 3, 8, false);

insert into veiculo_diagrama_eixos(cod_diagrama, tipo_eixo, posicao, qt_pneus, eixo_direcional)
values (26, 'T', 1, 8, false),
       (26, 'T', 2, 8, false),
       (26, 'T', 3, 8, false),
       (26, 'T', 4, 8, false),
       (26, 'T', 5, 8, false),
       (26, 'T', 6, 8, false);

insert into veiculo_diagrama_posicao_prolog(cod_diagrama, posicao_prolog)
values (25, 111),
       (25, 112),
       (25, 113),
       (25, 114),
       (25, 121),
       (25, 122),
       (25, 123),
       (25, 124),
       (25, 211),
       (25, 212),
       (25, 213),
       (25, 214),
       (25, 221),
       (25, 222),
       (25, 223),
       (25, 224),
       (25, 311),
       (25, 312),
       (25, 313),
       (25, 314),
       (25, 321),
       (25, 322),
       (25, 323),
       (25, 324),
       (25, 900),
       (25, 901),
       (25, 902),
       (25, 903),
       (25, 904),
       (25, 905),
       (25, 906),
       (25, 907),
       (25, 908),
       (26, 111),
       (26, 112),
       (26, 113),
       (26, 114),
       (26, 121),
       (26, 122),
       (26, 123),
       (26, 124),
       (26, 211),
       (26, 212),
       (26, 213),
       (26, 214),
       (26, 221),
       (26, 222),
       (26, 223),
       (26, 224),
       (26, 311),
       (26, 312),
       (26, 313),
       (26, 314),
       (26, 321),
       (26, 322),
       (26, 323),
       (26, 324),
       (26, 411),
       (26, 412),
       (26, 413),
       (26, 414),
       (26, 421),
       (26, 422),
       (26, 423),
       (26, 424),
       (26, 511),
       (26, 512),
       (26, 513),
       (26, 514),
       (26, 521),
       (26, 522),
       (26, 523),
       (26, 524),
       (26, 611),
       (26, 612),
       (26, 613),
       (26, 614),
       (26, 621),
       (26, 622),
       (26, 623),
       (26, 624),
       (26, 900),
       (26, 901),
       (26, 902),
       (26, 903),
       (26, 904),
       (26, 905),
       (26, 906),
       (26, 907),
       (26, 908);