INSERT INTO public.amazon_credentials (access_key_id, secret_key, user_id) VALUES ('VIA_SETUP_BD_PROLOG', 'VIA_SETUP_BD_PROLOG', 'VIA_SETUP_BD_PROLOG');

INSERT INTO public.afericao_configuracao_prolog (variacao_aceita_sulco_menor_milimetros, variacao_aceita_sulco_maior_milimetros) VALUES (3, 3);

INSERT INTO public.app_version (version_code, version_name, data_liberacao) VALUES (1, '1.0', '2016-01-11');
INSERT INTO public.app_version (version_code, version_name, data_liberacao) VALUES (2, '1.0', '2016-01-11');
INSERT INTO public.app_version (version_code, version_name, data_liberacao) VALUES (3, '1.0', '2016-01-11');
INSERT INTO public.app_version (version_code, version_name, data_liberacao) VALUES (4, '1.1', '2016-01-12');
INSERT INTO public.app_version (version_code, version_name, data_liberacao) VALUES (5, '1.1.1', '2016-01-18');
INSERT INTO public.app_version (version_code, version_name, data_liberacao) VALUES (6, '1.1.2', '2016-01-18');
INSERT INTO public.app_version (version_code, version_name, data_liberacao) VALUES (7, '1.1.3', '2016-02-12');
INSERT INTO public.app_version (version_code, version_name, data_liberacao) VALUES (8, '1.1.4', '2016-05-01');
INSERT INTO public.app_version (version_code, version_name, data_liberacao) VALUES (9, '1.1.5', '2016-05-08');
INSERT INTO public.app_version (version_code, version_name, data_liberacao) VALUES (10, '1.1.6', '2016-05-09');
INSERT INTO public.app_version (version_code, version_name, data_liberacao) VALUES (11, '1.1.7', '2016-07-04');
INSERT INTO public.app_version (version_code, version_name, data_liberacao) VALUES (12, '1.1.8', '2016-07-17');
INSERT INTO public.app_version (version_code, version_name, data_liberacao) VALUES (13, '1.1.9', '2016-07-28');
INSERT INTO public.app_version (version_code, version_name, data_liberacao) VALUES (14, '1.1.10', '2016-09-12');
INSERT INTO public.app_version (version_code, version_name, data_liberacao) VALUES (15, '1.1.11', '2016-12-23');
INSERT INTO public.app_version (version_code, version_name, data_liberacao) VALUES (16, '1.1.11', '2016-12-24');
INSERT INTO public.app_version (version_code, version_name, data_liberacao) VALUES (17, '1.1.11', '2016-12-24');
INSERT INTO public.app_version (version_code, version_name, data_liberacao) VALUES (18, '1.1.11', '2016-12-25');
INSERT INTO public.app_version (version_code, version_name, data_liberacao) VALUES (19, '1.1.11', '2016-12-26');
INSERT INTO public.app_version (version_code, version_name, data_liberacao) VALUES (20, '1.1.12', '2017-01-10');
INSERT INTO public.app_version (version_code, version_name, data_liberacao) VALUES (21, '1.1.12', '2017-01-16');
INSERT INTO public.app_version (version_code, version_name, data_liberacao) VALUES (22, '1.1.13', '2017-01-27');
INSERT INTO public.app_version (version_code, version_name, data_liberacao) VALUES (23, '1.1.13', '2017-01-27');
INSERT INTO public.app_version (version_code, version_name, data_liberacao) VALUES (24, '1.1.14', '2017-02-12');
INSERT INTO public.app_version (version_code, version_name, data_liberacao) VALUES (25, '1.1.14', '2017-02-22');
INSERT INTO public.app_version (version_code, version_name, data_liberacao) VALUES (26, '1.1.16', '2017-03-23');
INSERT INTO public.app_version (version_code, version_name, data_liberacao) VALUES (27, '1.1.17', '2017-05-08');
INSERT INTO public.app_version (version_code, version_name, data_liberacao) VALUES (28, '1.1.17-h1', '2017-05-09');
INSERT INTO public.app_version (version_code, version_name, data_liberacao) VALUES (29, '1.1.18', '2017-06-19');
INSERT INTO public.app_version (version_code, version_name, data_liberacao) VALUES (30, '1.1.19', '2017-06-29');
INSERT INTO public.app_version (version_code, version_name, data_liberacao) VALUES (31, '1.1.19-h1', '2017-06-29');
INSERT INTO public.app_version (version_code, version_name, data_liberacao) VALUES (32, '1.1.20', '2017-07-07');
INSERT INTO public.app_version (version_code, version_name, data_liberacao) VALUES (33, '1.1.21', '2017-07-14');
INSERT INTO public.app_version (version_code, version_name, data_liberacao) VALUES (34, '1.1.21-h1', '2017-07-26');
INSERT INTO public.app_version (version_code, version_name, data_liberacao) VALUES (35, '1.1.21-h2', '2017-07-26');
INSERT INTO public.app_version (version_code, version_name, data_liberacao) VALUES (36, '1.1.22', '2017-08-03');
INSERT INTO public.app_version (version_code, version_name, data_liberacao) VALUES (37, '1.1.23', '2017-08-16');
INSERT INTO public.app_version (version_code, version_name, data_liberacao) VALUES (38, '1.1.24', '2017-08-21');
INSERT INTO public.app_version (version_code, version_name, data_liberacao) VALUES (39, '1.1.25', '2017-09-18');
INSERT INTO public.app_version (version_code, version_name, data_liberacao) VALUES (40, '1.1.26', '2017-10-06');
INSERT INTO public.app_version (version_code, version_name, data_liberacao) VALUES (41, 'v1.1.26-h1', '2017-10-10');
INSERT INTO public.app_version (version_code, version_name, data_liberacao) VALUES (42, 'v1.1.27', '2017-10-20');
INSERT INTO public.app_version (version_code, version_name, data_liberacao) VALUES (43, 'v1.1.28', '2017-10-29');
INSERT INTO public.app_version (version_code, version_name, data_liberacao) VALUES (44, 'v1.1.29', '2017-10-30');
INSERT INTO public.app_version (version_code, version_name, data_liberacao) VALUES (45, 'v1.2.0', '2017-11-30');
INSERT INTO public.app_version (version_code, version_name, data_liberacao) VALUES (46, 'v1.2.1', '2017-12-22');
INSERT INTO public.app_version (version_code, version_name, data_liberacao) VALUES (47, 'v1.2.2', '2018-01-19');
INSERT INTO public.app_version (version_code, version_name, data_liberacao) VALUES (48, 'v1.2.3', '2018-02-24');
INSERT INTO public.app_version (version_code, version_name, data_liberacao) VALUES (49, 'v1.2.4', '2018-03-16');
INSERT INTO public.app_version (version_code, version_name, data_liberacao) VALUES (50, 'v1.2.5', '2018-04-01');
INSERT INTO public.app_version (version_code, version_name, data_liberacao) VALUES (51, 'v1.2.6', '2018-06-07');
INSERT INTO public.app_version (version_code, version_name, data_liberacao) VALUES (52, 'v1.2.7', '2018-05-15');
INSERT INTO public.app_version (version_code, version_name, data_liberacao) VALUES (53, 'v1.2.8', '2018-05-17');
INSERT INTO public.app_version (version_code, version_name, data_liberacao) VALUES (54, 'v1.2.9', '2018-05-21');
INSERT INTO public.app_version (version_code, version_name, data_liberacao) VALUES (55, 'v1.3.0', '2018-06-07');
INSERT INTO public.app_version (version_code, version_name, data_liberacao) VALUES (56, 'v1.3.1', '2018-07-14');
INSERT INTO public.app_version (version_code, version_name, data_liberacao) VALUES (57, 'v1.3.2', '2018-08-05');
INSERT INTO public.app_version (version_code, version_name, data_liberacao) VALUES (58, 'v1.3.3', '2018-08-30');
INSERT INTO public.app_version (version_code, version_name, data_liberacao) VALUES (59, 'v1.3.4', '2018-10-02');
INSERT INTO public.app_version (version_code, version_name, data_liberacao) VALUES (60, 'v1.3.5', '2018-10-22');
INSERT INTO public.app_version (version_code, version_name, data_liberacao) VALUES (61, 'v1.3.6', '2018-10-26');
INSERT INTO public.app_version (version_code, version_name, data_liberacao) VALUES (62, 'v1.3.7', '2018-11-23');
INSERT INTO public.app_version (version_code, version_name, data_liberacao) VALUES (63, 'v1.3.8', '2018-12-10');
INSERT INTO public.app_version (version_code, version_name, data_liberacao) VALUES (64, 'v1.3.9', '2018-12-27');
INSERT INTO public.app_version (version_code, version_name, data_liberacao) VALUES (65, 'v1.4.0', '2019-01-11');
INSERT INTO public.app_version (version_code, version_name, data_liberacao) VALUES (66, 'v1.4.1', '2019-02-09');
INSERT INTO public.app_version (version_code, version_name, data_liberacao) VALUES (67, 'v1.4.2', '2019-02-11');
INSERT INTO public.app_version (version_code, version_name, data_liberacao) VALUES (68, 'v1.4.3', '2019-02-19');
INSERT INTO public.app_version (version_code, version_name, data_liberacao) VALUES (69, 'v1.4.4', '2019-03-15');
INSERT INTO public.app_version (version_code, version_name, data_liberacao) VALUES (70, 'v1.4.5', '2019-03-24');
INSERT INTO public.app_version (version_code, version_name, data_liberacao) VALUES (71, 'v1.4.6', '2019-03-28');
INSERT INTO public.app_version (version_code, version_name, data_liberacao) VALUES (72, 'v1.4.7', '2019-04-11');
INSERT INTO public.app_version (version_code, version_name, data_liberacao) VALUES (73, 'v1.4.8', '2019-05-06');
INSERT INTO public.app_version (version_code, version_name, data_liberacao) VALUES (74, 'v1.4.7-h1', '2019-05-17');
INSERT INTO public.app_version (version_code, version_name, data_liberacao) VALUES (75, 'v1.4.7-h2', '2019-05-21');
INSERT INTO public.app_version (version_code, version_name, data_liberacao) VALUES (76, 'v1.4.9', '2019-05-30');
INSERT INTO public.app_version (version_code, version_name, data_liberacao) VALUES (77, 'v1.5.0', '2019-06-10');
INSERT INTO public.app_version (version_code, version_name, data_liberacao) VALUES (78, 'v1.5.1', '2019-06-20');
INSERT INTO public.app_version (version_code, version_name, data_liberacao) VALUES (79, 'v1.5.2', '2019-06-28');
INSERT INTO public.app_version (version_code, version_name, data_liberacao) VALUES (80, 'v1.5.3', '2019-08-02');
INSERT INTO public.app_version (version_code, version_name, data_liberacao) VALUES (81, 'v1.5.4', '2019-08-03');
INSERT INTO public.app_version (version_code, version_name, data_liberacao) VALUES (82, 'v1.5.5', '2019-08-19');
INSERT INTO public.app_version (version_code, version_name, data_liberacao) VALUES (83, 'v1.5.6', '2019-09-08');
INSERT INTO public.app_version (version_code, version_name, data_liberacao) VALUES (84, 'v1.5.7', '2019-09-29');
INSERT INTO public.app_version (version_code, version_name, data_liberacao) VALUES (85, 'v1.5.8', '2019-10-01');
INSERT INTO public.app_version (version_code, version_name, data_liberacao) VALUES (86, 'v1.5.9', '2019-10-20');
INSERT INTO public.app_version (version_code, version_name, data_liberacao) VALUES (87, 'v1.6.0', '2019-10-21');
INSERT INTO public.app_version (version_code, version_name, data_liberacao) VALUES (88, 'v1.6.1', '2019-11-05');
INSERT INTO public.app_version (version_code, version_name, data_liberacao) VALUES (89, 'v1.6.2', '2019-11-17');
INSERT INTO public.app_version (version_code, version_name, data_liberacao) VALUES (90, 'v1.6.3', '2019-11-24');
INSERT INTO public.app_version (version_code, version_name, data_liberacao) VALUES (91, 'v1.6.4', '2019-11-28');
INSERT INTO public.app_version (version_code, version_name, data_liberacao) VALUES (92, 'v1.6.5', '2020-01-02');

INSERT INTO public.checklist_galeria_imagens (cod_imagem, url_imagem, cod_empresa, data_hora_cadastro, status_ativo) VALUES (1, 'https://s3-sa-east-1.amazonaws.com/checklist-imagens/8.jpg', null, '2018-04-01 23:57:21.329869', true);
INSERT INTO public.checklist_galeria_imagens (cod_imagem, url_imagem, cod_empresa, data_hora_cadastro, status_ativo) VALUES (4, 'https://s3-sa-east-1.amazonaws.com/checklist-imagens/11.jpg', null, '2018-04-01 23:57:21.329869', true);
INSERT INTO public.checklist_galeria_imagens (cod_imagem, url_imagem, cod_empresa, data_hora_cadastro, status_ativo) VALUES (15, 'https://s3-sa-east-1.amazonaws.com/checklist-imagens/14.jpg', null, '2018-04-01 23:57:21.329869', true);
INSERT INTO public.checklist_galeria_imagens (cod_imagem, url_imagem, cod_empresa, data_hora_cadastro, status_ativo) VALUES (26, 'https://s3-sa-east-1.amazonaws.com/checklist-imagens/7.jpg', null, '2018-04-01 23:57:21.329869', true);
INSERT INTO public.checklist_galeria_imagens (cod_imagem, url_imagem, cod_empresa, data_hora_cadastro, status_ativo) VALUES (21, 'https://s3-sa-east-1.amazonaws.com/checklist-imagens/15.jpg', null, '2018-04-01 23:57:21.329869', true);
INSERT INTO public.checklist_galeria_imagens (cod_imagem, url_imagem, cod_empresa, data_hora_cadastro, status_ativo) VALUES (29, 'https://s3-sa-east-1.amazonaws.com/checklist-imagens/23.jpg', null, '2018-04-01 23:57:21.329869', true);
INSERT INTO public.checklist_galeria_imagens (cod_imagem, url_imagem, cod_empresa, data_hora_cadastro, status_ativo) VALUES (30, 'https://s3-sa-east-1.amazonaws.com/checklist-imagens/10.jpg', null, '2018-04-01 23:57:21.329869', true);
INSERT INTO public.checklist_galeria_imagens (cod_imagem, url_imagem, cod_empresa, data_hora_cadastro, status_ativo) VALUES (32, 'https://s3-sa-east-1.amazonaws.com/checklist-imagens/cinta_sider.jpg', null, '2018-04-01 23:57:21.329869', true);
INSERT INTO public.checklist_galeria_imagens (cod_imagem, url_imagem, cod_empresa, data_hora_cadastro, status_ativo) VALUES (34, 'https://s3-sa-east-1.amazonaws.com/checklist-imagens/2.jpg', null, '2018-04-01 23:57:21.329869', true);
INSERT INTO public.checklist_galeria_imagens (cod_imagem, url_imagem, cod_empresa, data_hora_cadastro, status_ativo) VALUES (47, 'https://s3-sa-east-1.amazonaws.com/checklist-imagens/17.jpg', null, '2018-04-01 23:57:21.329869', true);
INSERT INTO public.checklist_galeria_imagens (cod_imagem, url_imagem, cod_empresa, data_hora_cadastro, status_ativo) VALUES (49, 'https://s3-sa-east-1.amazonaws.com/checklist-imagens/8+-+adesvio+ANTT.jpg', null, '2018-04-01 23:57:21.329869', true);
INSERT INTO public.checklist_galeria_imagens (cod_imagem, url_imagem, cod_empresa, data_hora_cadastro, status_ativo) VALUES (54, 'https://s3-sa-east-1.amazonaws.com/checklist-imagens/12.jpg', null, '2018-04-01 23:57:21.329869', true);
INSERT INTO public.checklist_galeria_imagens (cod_imagem, url_imagem, cod_empresa, data_hora_cadastro, status_ativo) VALUES (57, 'https://s3-sa-east-1.amazonaws.com/checklist-imagens/9.jpg', null, '2018-04-01 23:57:21.329869', true);
INSERT INTO public.checklist_galeria_imagens (cod_imagem, url_imagem, cod_empresa, data_hora_cadastro, status_ativo) VALUES (61, 'https://s3-sa-east-1.amazonaws.com/checklist-imagens/6.jpg', null, '2018-04-01 23:57:21.329869', true);
INSERT INTO public.checklist_galeria_imagens (cod_imagem, url_imagem, cod_empresa, data_hora_cadastro, status_ativo) VALUES (64, 'https://s3-sa-east-1.amazonaws.com/checklist-imagens/sider.png', null, '2018-04-01 23:57:21.329869', true);
INSERT INTO public.checklist_galeria_imagens (cod_imagem, url_imagem, cod_empresa, data_hora_cadastro, status_ativo) VALUES (74, 'https://s3-sa-east-1.amazonaws.com/checklist-imagens/22.jpg', null, '2018-04-01 23:57:21.329869', true);
INSERT INTO public.checklist_galeria_imagens (cod_imagem, url_imagem, cod_empresa, data_hora_cadastro, status_ativo) VALUES (83, 'https://s3-sa-east-1.amazonaws.com/checklist-imagens/plataforma_levadica.jpg', null, '2018-04-01 23:57:21.329869', true);
INSERT INTO public.checklist_galeria_imagens (cod_imagem, url_imagem, cod_empresa, data_hora_cadastro, status_ativo) VALUES (85, 'https://s3-sa-east-1.amazonaws.com/checklist-imagens/18.jpg', null, '2018-04-01 23:57:21.329869', true);
INSERT INTO public.checklist_galeria_imagens (cod_imagem, url_imagem, cod_empresa, data_hora_cadastro, status_ativo) VALUES (94, 'https://s3-sa-east-1.amazonaws.com/checklist-imagens/13.jpg', null, '2018-04-01 23:57:21.329869', true);
INSERT INTO public.checklist_galeria_imagens (cod_imagem, url_imagem, cod_empresa, data_hora_cadastro, status_ativo) VALUES (106, 'https://s3-sa-east-1.amazonaws.com/checklist-imagens/bau-compressed.jpg', null, '2018-04-01 23:57:21.329869', true);
INSERT INTO public.checklist_galeria_imagens (cod_imagem, url_imagem, cod_empresa, data_hora_cadastro, status_ativo) VALUES (67, 'https://s3-sa-east-1.amazonaws.com/checklist-imagens/7+-+carrinhos.jpg', null, '2018-04-01 23:57:21.329869', true);
INSERT INTO public.checklist_galeria_imagens (cod_imagem, url_imagem, cod_empresa, data_hora_cadastro, status_ativo) VALUES (59, 'https://s3-sa-east-1.amazonaws.com/checklist-imagens/17+-+5S+limpeza.jpg', null, '2018-04-01 23:57:21.329869', true);
INSERT INTO public.checklist_galeria_imagens (cod_imagem, url_imagem, cod_empresa, data_hora_cadastro, status_ativo) VALUES (56, 'https://s3-sa-east-1.amazonaws.com/checklist-imagens/5.jpg', null, '2018-04-01 23:57:21.329869', true);
INSERT INTO public.checklist_galeria_imagens (cod_imagem, url_imagem, cod_empresa, data_hora_cadastro, status_ativo) VALUES (62, 'https://s3-sa-east-1.amazonaws.com/checklist-imagens/16.jpg', null, '2018-04-01 23:57:21.329869', true);
INSERT INTO public.checklist_galeria_imagens (cod_imagem, url_imagem, cod_empresa, data_hora_cadastro, status_ativo) VALUES (53, 'https://s3-sa-east-1.amazonaws.com/checklist-imagens/20.jpg', null, '2018-04-01 23:57:21.329869', true);
INSERT INTO public.checklist_galeria_imagens (cod_imagem, url_imagem, cod_empresa, data_hora_cadastro, status_ativo) VALUES (58, 'https://s3-sa-east-1.amazonaws.com/checklist-imagens/9+-+cofre.jpg', null, '2018-04-01 23:57:21.329869', true);
INSERT INTO public.checklist_galeria_imagens (cod_imagem, url_imagem, cod_empresa, data_hora_cadastro, status_ativo) VALUES (52, 'https://s3-sa-east-1.amazonaws.com/checklist-imagens/24.jpg', null, '2018-04-01 23:57:21.329869', true);
INSERT INTO public.checklist_galeria_imagens (cod_imagem, url_imagem, cod_empresa, data_hora_cadastro, status_ativo) VALUES (51, 'https://s3-sa-east-1.amazonaws.com/checklist-imagens/3.jpg', null, '2018-04-01 23:57:21.329869', true);
INSERT INTO public.checklist_galeria_imagens (cod_imagem, url_imagem, cod_empresa, data_hora_cadastro, status_ativo) VALUES (63, 'https://s3-sa-east-1.amazonaws.com/checklist-imagens/18+-+tampa+buzina%2C+porta+luvas.jpg', null, '2018-04-01 23:57:21.329869', true);
INSERT INTO public.checklist_galeria_imagens (cod_imagem, url_imagem, cod_empresa, data_hora_cadastro, status_ativo) VALUES (60, 'https://s3-sa-east-1.amazonaws.com/checklist-imagens/21.jpg', null, '2018-04-01 23:57:21.329869', true);
INSERT INTO public.checklist_galeria_imagens (cod_imagem, url_imagem, cod_empresa, data_hora_cadastro, status_ativo) VALUES (10, 'https://s3-sa-east-1.amazonaws.com/checklist-imagens/2+-+Parabrisa+e+vidros.jpg', null, '2018-04-01 23:57:21.329869', true);
INSERT INTO public.checklist_galeria_imagens (cod_imagem, url_imagem, cod_empresa, data_hora_cadastro, status_ativo) VALUES (8, 'https://s3-sa-east-1.amazonaws.com/checklist-imagens/24+-+doc+veiculo+antt.jpg', null, '2018-04-01 23:57:21.329869', true);
INSERT INTO public.checklist_galeria_imagens (cod_imagem, url_imagem, cod_empresa, data_hora_cadastro, status_ativo) VALUES (158, 'https://s3-sa-east-1.amazonaws.com/checklist-imagens/carroceria-compressed.jpg', null, '2018-04-01 23:57:21.329869', true);
INSERT INTO public.checklist_galeria_imagens (cod_imagem, url_imagem, cod_empresa, data_hora_cadastro, status_ativo) VALUES (18, 'https://s3-sa-east-1.amazonaws.com/checklist-imagens/4.jpg', null, '2018-04-01 23:57:21.329869', true);
INSERT INTO public.checklist_galeria_imagens (cod_imagem, url_imagem, cod_empresa, data_hora_cadastro, status_ativo) VALUES (5, 'https://s3-sa-east-1.amazonaws.com/checklist-imagens/28+-+Luzes+painel.jpg', null, '2018-04-01 23:57:21.329869', true);
INSERT INTO public.checklist_galeria_imagens (cod_imagem, url_imagem, cod_empresa, data_hora_cadastro, status_ativo) VALUES (7, 'https://s3-sa-east-1.amazonaws.com/checklist-imagens/19.jpg', null, '2018-04-01 23:57:21.329869', true);
INSERT INTO public.checklist_galeria_imagens (cod_imagem, url_imagem, cod_empresa, data_hora_cadastro, status_ativo) VALUES (9, 'https://s3-sa-east-1.amazonaws.com/checklist-imagens/25+-+nivel+de+combustivel.jpg', null, '2018-04-01 23:57:21.329869', true);
INSERT INTO public.checklist_galeria_imagens (cod_imagem, url_imagem, cod_empresa, data_hora_cadastro, status_ativo) VALUES (3, 'https://s3-sa-east-1.amazonaws.com/checklist-imagens/23+-+Documento+condutor.jpg', null, '2018-04-01 23:57:21.329869', true);
INSERT INTO public.checklist_galeria_imagens (cod_imagem, url_imagem, cod_empresa, data_hora_cadastro, status_ativo) VALUES (2, 'https://s3-sa-east-1.amazonaws.com/checklist-imagens/estofamento-motorista.png', null, '2018-04-01 23:57:21.329869', true);
INSERT INTO public.checklist_galeria_imagens (cod_imagem, url_imagem, cod_empresa, data_hora_cadastro, status_ativo) VALUES (11, 'https://s3-sa-east-1.amazonaws.com/checklist-imagens/estofamento-ajudante.png', null, '2018-04-01 23:57:21.329869', true);
INSERT INTO public.checklist_galeria_imagens (cod_imagem, url_imagem, cod_empresa, data_hora_cadastro, status_ativo) VALUES (12, 'https://s3-sa-east-1.amazonaws.com/checklist-imagens/Translecchi/Seta.png', null, '2018-04-01 23:57:21.329869', true);
INSERT INTO public.checklist_galeria_imagens (cod_imagem, url_imagem, cod_empresa, data_hora_cadastro, status_ativo) VALUES (17, 'https://s3-sa-east-1.amazonaws.com/checklist-imagens/Translecchi/velocimetro.jpg', null, '2018-04-01 23:57:21.329869', true);
INSERT INTO public.checklist_galeria_imagens (cod_imagem, url_imagem, cod_empresa, data_hora_cadastro, status_ativo) VALUES (50, 'https://s3-sa-east-1.amazonaws.com/checklist-imagens/Translecchi/Parachoque.png', null, '2018-04-01 23:57:21.329869', true);
INSERT INTO public.checklist_galeria_imagens (cod_imagem, url_imagem, cod_empresa, data_hora_cadastro, status_ativo) VALUES (66, 'https://s3-sa-east-1.amazonaws.com/checklist-imagens/Translecchi/para-brisa-e-vidros.png', null, '2018-04-01 23:57:21.329869', true);
INSERT INTO public.checklist_galeria_imagens (cod_imagem, url_imagem, cod_empresa, data_hora_cadastro, status_ativo) VALUES (110, 'https://s3-sa-east-1.amazonaws.com/checklist-imagens/Translecchi/veltec.jpg', null, '2018-04-01 23:57:21.329869', true);
INSERT INTO public.checklist_galeria_imagens (cod_imagem, url_imagem, cod_empresa, data_hora_cadastro, status_ativo) VALUES (121, 'https://s3-sa-east-1.amazonaws.com/checklist-imagens/Translecchi/Buzina.png', null, '2018-04-01 23:57:21.329869', true);
INSERT INTO public.checklist_galeria_imagens (cod_imagem, url_imagem, cod_empresa, data_hora_cadastro, status_ativo) VALUES (124, 'https://s3-sa-east-1.amazonaws.com/checklist-imagens/Translecchi/Limpador-de-para-brisa.png', null, '2018-04-01 23:57:21.329869', true);
INSERT INTO public.checklist_galeria_imagens (cod_imagem, url_imagem, cod_empresa, data_hora_cadastro, status_ativo) VALUES (134, 'https://s3-sa-east-1.amazonaws.com/checklist-imagens/Translecchi/Faixa-refletiva.png', null, '2018-04-01 23:57:21.329869', true);
INSERT INTO public.checklist_galeria_imagens (cod_imagem, url_imagem, cod_empresa, data_hora_cadastro, status_ativo) VALUES (161, 'https://s3-sa-east-1.amazonaws.com/checklist-imagens/Translecchi/Retrovisores.png', null, '2018-04-01 23:57:21.329869', true);
INSERT INTO public.checklist_galeria_imagens (cod_imagem, url_imagem, cod_empresa, data_hora_cadastro, status_ativo) VALUES (165, 'https://s3-sa-east-1.amazonaws.com/checklist-imagens/Translecchi/Lacre-da-placa.png', null, '2018-04-01 23:57:21.329869', true);
INSERT INTO public.checklist_galeria_imagens (cod_imagem, url_imagem, cod_empresa, data_hora_cadastro, status_ativo) VALUES (166, 'https://s3-sa-east-1.amazonaws.com/checklist-imagens/Translecchi/Lanterna-e-farol.png', null, '2018-04-01 23:57:21.329869', true);
INSERT INTO public.checklist_galeria_imagens (cod_imagem, url_imagem, cod_empresa, data_hora_cadastro, status_ativo) VALUES (169, 'https://s3-sa-east-1.amazonaws.com/checklist-imagens/Translecchi/Pneus.png', null, '2018-04-01 23:57:21.329869', true);
INSERT INTO public.checklist_galeria_imagens (cod_imagem, url_imagem, cod_empresa, data_hora_cadastro, status_ativo) VALUES (170, 'https://s3-sa-east-1.amazonaws.com/checklist-imagens/Translecchi/sirene-de-re%CC%81-(Conflito-de-codificac%CC%A7a%CC%83o-Unicode).png', null, '2018-04-01 23:57:21.329869', true);
INSERT INTO public.checklist_galeria_imagens (cod_imagem, url_imagem, cod_empresa, data_hora_cadastro, status_ativo) VALUES (190, 'https://s3-sa-east-1.amazonaws.com/checklist-imagens/Translecchi/ANTT%2C-CRLV-e-cronotacografo.png', null, '2018-04-01 23:57:21.329869', true);
INSERT INTO public.checklist_galeria_imagens (cod_imagem, url_imagem, cod_empresa, data_hora_cadastro, status_ativo) VALUES (204, 'https://s3-sa-east-1.amazonaws.com/checklist-imagens/Translecchi/Pisca-Alerta.png', null, '2018-04-01 23:57:21.329869', true);
INSERT INTO public.checklist_galeria_imagens (cod_imagem, url_imagem, cod_empresa, data_hora_cadastro, status_ativo) VALUES (101, 'https://s3-sa-east-1.amazonaws.com/checklist-imagens/Translecchi/vazamento.jpg', null, '2018-04-01 23:57:21.329869', true);
INSERT INTO public.checklist_galeria_imagens (cod_imagem, url_imagem, cod_empresa, data_hora_cadastro, status_ativo) VALUES (114, 'https://s3-sa-east-1.amazonaws.com/checklist-imagens/Translecchi/motor_partida.JPG', null, '2018-04-01 23:57:21.329869', true);
INSERT INTO public.checklist_galeria_imagens (cod_imagem, url_imagem, cod_empresa, data_hora_cadastro, status_ativo) VALUES (116, 'https://s3-sa-east-1.amazonaws.com/checklist-imagens/Athivalog/Cuiaba/paleteira.png', null, '2018-04-01 23:57:21.329869', true);
INSERT INTO public.checklist_galeria_imagens (cod_imagem, url_imagem, cod_empresa, data_hora_cadastro, status_ativo) VALUES (37, 'https://s3-sa-east-1.amazonaws.com/checklist-imagens/Athivalog/Cuiaba/vazamento_ar.jpeg', null, '2018-04-01 23:57:21.329869', true);
INSERT INTO public.checklist_galeria_imagens (cod_imagem, url_imagem, cod_empresa, data_hora_cadastro, status_ativo) VALUES (208, 'https://s3-sa-east-1.amazonaws.com/checklist-imagens/Avilan/checklist-rota/puxador-baia.jpg', null, '2018-04-01 23:57:21.329869', true);
INSERT INTO public.checklist_galeria_imagens (cod_imagem, url_imagem, cod_empresa, data_hora_cadastro, status_ativo) VALUES (209, 'https://s3-sa-east-1.amazonaws.com/checklist-imagens/Avilan/checklist-rota/macaco-triangulo.jpg', null, '2018-04-01 23:57:21.329869', true);



INSERT INTO public.dimensao_pneu (codigo, altura, largura, aro) VALUES (18, 70, 175, 14);
INSERT INTO public.dimensao_pneu (codigo, altura, largura, aro) VALUES (19, 65, 175, 14);
INSERT INTO public.dimensao_pneu (codigo, altura, largura, aro) VALUES (20, 70, 165, 14);
INSERT INTO public.dimensao_pneu (codigo, altura, largura, aro) VALUES (21, 75, 225, 16);
INSERT INTO public.dimensao_pneu (codigo, altura, largura, aro) VALUES (1, 80, 275, 22.5);
INSERT INTO public.dimensao_pneu (codigo, altura, largura, aro) VALUES (22, 0, 276, 22.5);
INSERT INTO public.dimensao_pneu (codigo, altura, largura, aro) VALUES (3, 80, 295, 22.5);
INSERT INTO public.dimensao_pneu (codigo, altura, largura, aro) VALUES (23, 10, 650, 5);
INSERT INTO public.dimensao_pneu (codigo, altura, largura, aro) VALUES (2, 75, 215, 17.5);
INSERT INTO public.dimensao_pneu (codigo, altura, largura, aro) VALUES (4, 75, 235, 17.5);
INSERT INTO public.dimensao_pneu (codigo, altura, largura, aro) VALUES (5, 70, 275, 22.5);
INSERT INTO public.dimensao_pneu (codigo, altura, largura, aro) VALUES (6, 70, 275, 17.5);
INSERT INTO public.dimensao_pneu (codigo, altura, largura, aro) VALUES (8, 18, 25, 0);
INSERT INTO public.dimensao_pneu (codigo, altura, largura, aro) VALUES (9, 600, 9, 0);
INSERT INTO public.dimensao_pneu (codigo, altura, largura, aro) VALUES (10, 300, 15, 0);
INSERT INTO public.dimensao_pneu (codigo, altura, largura, aro) VALUES (11, 700, 12, 0);
INSERT INTO public.dimensao_pneu (codigo, altura, largura, aro) VALUES (12, 8, 15, 0);
INSERT INTO public.dimensao_pneu (codigo, altura, largura, aro) VALUES (13, 1400, 24, 0);
INSERT INTO public.dimensao_pneu (codigo, altura, largura, aro) VALUES (15, 0, 279, 22.5);
INSERT INTO public.dimensao_pneu (codigo, altura, largura, aro) VALUES (16, 65, 385, 22.5);
INSERT INTO public.dimensao_pneu (codigo, altura, largura, aro) VALUES (17, 80, 900, 20);
INSERT INTO public.dimensao_pneu (codigo, altura, largura, aro) VALUES (24, 8, 500, 3);
INSERT INTO public.dimensao_pneu (codigo, altura, largura, aro) VALUES (25, 12, 700, 5);
INSERT INTO public.dimensao_pneu (codigo, altura, largura, aro) VALUES (26, 9, 600, 4);
INSERT INTO public.dimensao_pneu (codigo, altura, largura, aro) VALUES (27, 70, 165, 13);
INSERT INTO public.dimensao_pneu (codigo, altura, largura, aro) VALUES (28, 7000, 15, 5);
INSERT INTO public.dimensao_pneu (codigo, altura, largura, aro) VALUES (29, 9, 600, 9);
INSERT INTO public.dimensao_pneu (codigo, altura, largura, aro) VALUES (30, 12, 700, 12);
INSERT INTO public.dimensao_pneu (codigo, altura, largura, aro) VALUES (31, 75, 215, 16);
INSERT INTO public.dimensao_pneu (codigo, altura, largura, aro) VALUES (32, 80, 215, 17.5);
INSERT INTO public.dimensao_pneu (codigo, altura, largura, aro) VALUES (33, 20, 1000, 20);
INSERT INTO public.dimensao_pneu (codigo, altura, largura, aro) VALUES (34, 15, 600, 0);
INSERT INTO public.dimensao_pneu (codigo, altura, largura, aro) VALUES (35, 9, 600, 0);
INSERT INTO public.dimensao_pneu (codigo, altura, largura, aro) VALUES (36, 12, 700, 0);
INSERT INTO public.dimensao_pneu (codigo, altura, largura, aro) VALUES (37, 18, 7, 8);
INSERT INTO public.dimensao_pneu (codigo, altura, largura, aro) VALUES (38, 75, 215, 22.5);
INSERT INTO public.dimensao_pneu (codigo, altura, largura, aro) VALUES (39, 80, 100, 18);
INSERT INTO public.dimensao_pneu (codigo, altura, largura, aro) VALUES (40, 90, 110, 17);
INSERT INTO public.dimensao_pneu (codigo, altura, largura, aro) VALUES (41, 70, 175, 13);
INSERT INTO public.dimensao_pneu (codigo, altura, largura, aro) VALUES (42, 75, 205, 16);
INSERT INTO public.dimensao_pneu (codigo, altura, largura, aro) VALUES (43, 100, 80, 18);
INSERT INTO public.dimensao_pneu (codigo, altura, largura, aro) VALUES (44, 90, 90, 19);
INSERT INTO public.dimensao_pneu (codigo, altura, largura, aro) VALUES (45, 9, 6, 18);
INSERT INTO public.dimensao_pneu (codigo, altura, largura, aro) VALUES (46, 9, 275, 18);
INSERT INTO public.dimensao_pneu (codigo, altura, largura, aro) VALUES (47, 12, 7, 18);
INSERT INTO public.dimensao_pneu (codigo, altura, largura, aro) VALUES (48, 80, 500, 22.5);
INSERT INTO public.dimensao_pneu (codigo, altura, largura, aro) VALUES (49, 75, 235, 15);
INSERT INTO public.dimensao_pneu (codigo, altura, largura, aro) VALUES (50, 80, 275, 22);
INSERT INTO public.dimensao_pneu (codigo, altura, largura, aro) VALUES (51, 75, 235, 17);
INSERT INTO public.dimensao_pneu (codigo, altura, largura, aro) VALUES (52, 75, 215, 17);
INSERT INTO public.dimensao_pneu (codigo, altura, largura, aro) VALUES (53, 55, 235, 19);
INSERT INTO public.dimensao_pneu (codigo, altura, largura, aro) VALUES (54, 0, 12, 22.5);
INSERT INTO public.dimensao_pneu (codigo, altura, largura, aro) VALUES (55, 70, 195, 15);
INSERT INTO public.dimensao_pneu (codigo, altura, largura, aro) VALUES (56, 70, 205, 15);
INSERT INTO public.dimensao_pneu (codigo, altura, largura, aro) VALUES (57, 70, 225, 15);
INSERT INTO public.dimensao_pneu (codigo, altura, largura, aro) VALUES (58, 70, 185, 14);
INSERT INTO public.dimensao_pneu (codigo, altura, largura, aro) VALUES (59, 70, 195, 14);
INSERT INTO public.dimensao_pneu (codigo, altura, largura, aro) VALUES (60, 20, 300, 15);
INSERT INTO public.dimensao_pneu (codigo, altura, largura, aro) VALUES (61, 0, 11, 22);
INSERT INTO public.dimensao_pneu (codigo, altura, largura, aro) VALUES (66, 0, 700, 16);
INSERT INTO public.dimensao_pneu (codigo, altura, largura, aro) VALUES (67, 0, 750, 16);
INSERT INTO public.dimensao_pneu (codigo, altura, largura, aro) VALUES (68, 70, 185, 13);
INSERT INTO public.dimensao_pneu (codigo, altura, largura, aro) VALUES (69, 75, 255, 15);
INSERT INTO public.dimensao_pneu (codigo, altura, largura, aro) VALUES (70, 20, 825, 0);
INSERT INTO public.dimensao_pneu (codigo, altura, largura, aro) VALUES (71, 75, 195, 14);
INSERT INTO public.dimensao_pneu (codigo, altura, largura, aro) VALUES (72, 75, 205, 14);
INSERT INTO public.dimensao_pneu (codigo, altura, largura, aro) VALUES (73, 90, 295, 22.5);
INSERT INTO public.dimensao_pneu (codigo, altura, largura, aro) VALUES (74, 75, 235, 22.5);
INSERT INTO public.dimensao_pneu (codigo, altura, largura, aro) VALUES (75, 70, 215, 17.5);
INSERT INTO public.dimensao_pneu (codigo, altura, largura, aro) VALUES (76, 0, 1100, 22);
INSERT INTO public.dimensao_pneu (codigo, altura, largura, aro) VALUES (77, 45, 225, 15);
INSERT INTO public.dimensao_pneu (codigo, altura, largura, aro) VALUES (78, 60, 195, 16);
INSERT INTO public.dimensao_pneu (codigo, altura, largura, aro) VALUES (79, 27, 10, 12);
INSERT INTO public.dimensao_pneu (codigo, altura, largura, aro) VALUES (80, 6, 50, 10);
INSERT INTO public.dimensao_pneu (codigo, altura, largura, aro) VALUES (81, 23, 9, 10);
SELECT setval('dimensao_pneu_codigo_seq', 81, true);

INSERT INTO public.dispositivo_movel_marca_prolog (codigo, nome) VALUES (1, 'Alcatel');
INSERT INTO public.dispositivo_movel_marca_prolog (codigo, nome) VALUES (2, 'Acer');
INSERT INTO public.dispositivo_movel_marca_prolog (codigo, nome) VALUES (3, 'Asus');
INSERT INTO public.dispositivo_movel_marca_prolog (codigo, nome) VALUES (4, 'Blu');
INSERT INTO public.dispositivo_movel_marca_prolog (codigo, nome) VALUES (5, 'Ericsson');
INSERT INTO public.dispositivo_movel_marca_prolog (codigo, nome) VALUES (6, 'Gigabyte');
INSERT INTO public.dispositivo_movel_marca_prolog (codigo, nome) VALUES (7, 'Google');
INSERT INTO public.dispositivo_movel_marca_prolog (codigo, nome) VALUES (8, 'Huawei');
INSERT INTO public.dispositivo_movel_marca_prolog (codigo, nome) VALUES (9, 'HP');
INSERT INTO public.dispositivo_movel_marca_prolog (codigo, nome) VALUES (10, 'HTC');
INSERT INTO public.dispositivo_movel_marca_prolog (codigo, nome) VALUES (11, 'Inove');
INSERT INTO public.dispositivo_movel_marca_prolog (codigo, nome) VALUES (12, 'Kyocera');
INSERT INTO public.dispositivo_movel_marca_prolog (codigo, nome) VALUES (13, 'Lenovo');
INSERT INTO public.dispositivo_movel_marca_prolog (codigo, nome) VALUES (14, 'LG');
INSERT INTO public.dispositivo_movel_marca_prolog (codigo, nome) VALUES (15, 'Microsoft');
INSERT INTO public.dispositivo_movel_marca_prolog (codigo, nome) VALUES (16, 'Motorola');
INSERT INTO public.dispositivo_movel_marca_prolog (codigo, nome) VALUES (17, 'Nokia');
INSERT INTO public.dispositivo_movel_marca_prolog (codigo, nome) VALUES (18, 'OnePlus');
INSERT INTO public.dispositivo_movel_marca_prolog (codigo, nome) VALUES (19, 'Panasonic');
INSERT INTO public.dispositivo_movel_marca_prolog (codigo, nome) VALUES (20, 'Philips');
INSERT INTO public.dispositivo_movel_marca_prolog (codigo, nome) VALUES (21, 'Positivo');
INSERT INTO public.dispositivo_movel_marca_prolog (codigo, nome) VALUES (22, 'Qbex');
INSERT INTO public.dispositivo_movel_marca_prolog (codigo, nome) VALUES (23, 'Qualcomm');
INSERT INTO public.dispositivo_movel_marca_prolog (codigo, nome) VALUES (24, 'Quantum');
INSERT INTO public.dispositivo_movel_marca_prolog (codigo, nome) VALUES (25, 'Razer Phon');
INSERT INTO public.dispositivo_movel_marca_prolog (codigo, nome) VALUES (26, 'Samsung');
INSERT INTO public.dispositivo_movel_marca_prolog (codigo, nome) VALUES (27, 'Sharp');
INSERT INTO public.dispositivo_movel_marca_prolog (codigo, nome) VALUES (28, 'Siemens');
INSERT INTO public.dispositivo_movel_marca_prolog (codigo, nome) VALUES (29, 'Sony');
INSERT INTO public.dispositivo_movel_marca_prolog (codigo, nome) VALUES (30, 'Sony Ericsson');
INSERT INTO public.dispositivo_movel_marca_prolog (codigo, nome) VALUES (31, 'Toshiba');
INSERT INTO public.dispositivo_movel_marca_prolog (codigo, nome) VALUES (32, 'Xiaomi');
INSERT INTO public.dispositivo_movel_marca_prolog (codigo, nome) VALUES (33, 'ZTE');

INSERT INTO public.eixos_veiculo (codigo, nome, dianteiro, traseiro) VALUES (9, 'CARRETA 4 EIXOS', 0, 4);
INSERT INTO public.eixos_veiculo (codigo, nome, dianteiro, traseiro) VALUES (1, 'TOCO', 1, 1);
INSERT INTO public.eixos_veiculo (codigo, nome, dianteiro, traseiro) VALUES (2, 'TRUCK', 1, 2);
INSERT INTO public.eixos_veiculo (codigo, nome, dianteiro, traseiro) VALUES (3, 'BITRUCK', 2, 2);
INSERT INTO public.eixos_veiculo (codigo, nome, dianteiro, traseiro) VALUES (4, 'CARRETA 3 EIXOS', 0, 3);
INSERT INTO public.eixos_veiculo (codigo, nome, dianteiro, traseiro) VALUES (5, 'CARRETA 2 EIXOS', 0, 2);
INSERT INTO public.eixos_veiculo (codigo, nome, dianteiro, traseiro) VALUES (6, 'EMPILHADEIRA', 1, 1);
INSERT INTO public.eixos_veiculo (codigo, nome, dianteiro, traseiro) VALUES (7, 'EMPILHADEIRA 3 EIXOS', 2, 1);
INSERT INTO public.eixos_veiculo (codigo, nome, dianteiro, traseiro) VALUES (8, 'FROTA LEVE', 1, 1);

INSERT INTO public.pilar_prolog (codigo, pilar) VALUES (1, 'FROTA');
INSERT INTO public.pilar_prolog (codigo, pilar) VALUES (2, 'SEGURANCA');
INSERT INTO public.pilar_prolog (codigo, pilar) VALUES (3, 'GENTE');
INSERT INTO public.pilar_prolog (codigo, pilar) VALUES (4, 'ENTREGA');
INSERT INTO public.pilar_prolog (codigo, pilar) VALUES (5, 'GERAL');

INSERT INTO public.funcao_prolog_agrupamento (codigo, nome, cod_pilar) VALUES (1, 'Aferição', 1);
INSERT INTO public.funcao_prolog_agrupamento (codigo, nome, cod_pilar) VALUES (2, 'Calendário', 3);
INSERT INTO public.funcao_prolog_agrupamento (codigo, nome, cod_pilar) VALUES (3, 'Cargo', 3);
INSERT INTO public.funcao_prolog_agrupamento (codigo, nome, cod_pilar) VALUES (4, 'Checklist', 1);
INSERT INTO public.funcao_prolog_agrupamento (codigo, nome, cod_pilar) VALUES (5, 'Colaboradores', 3);
INSERT INTO public.funcao_prolog_agrupamento (codigo, nome, cod_pilar) VALUES (6, 'Controle de Jornada', 3);
INSERT INTO public.funcao_prolog_agrupamento (codigo, nome, cod_pilar) VALUES (7, 'Equipe', 3);
INSERT INTO public.funcao_prolog_agrupamento (codigo, nome, cod_pilar) VALUES (8, 'Escala Diária', 4);
INSERT INTO public.funcao_prolog_agrupamento (codigo, nome, cod_pilar) VALUES (9, 'Fale Conosco', 3);
INSERT INTO public.funcao_prolog_agrupamento (codigo, nome, cod_pilar) VALUES (10, 'Geral', 1);
INSERT INTO public.funcao_prolog_agrupamento (codigo, nome, cod_pilar) VALUES (11, 'Indicadores', 4);
INSERT INTO public.funcao_prolog_agrupamento (codigo, nome, cod_pilar) VALUES (12, 'Mapa (2art) e Tracking', 4);
INSERT INTO public.funcao_prolog_agrupamento (codigo, nome, cod_pilar) VALUES (13, 'Metas', 4);
INSERT INTO public.funcao_prolog_agrupamento (codigo, nome, cod_pilar) VALUES (14, 'Movimentação', 1);
INSERT INTO public.funcao_prolog_agrupamento (codigo, nome, cod_pilar) VALUES (15, 'Pneu', 1);
INSERT INTO public.funcao_prolog_agrupamento (codigo, nome, cod_pilar) VALUES (16, 'Produtividade', 4);
INSERT INTO public.funcao_prolog_agrupamento (codigo, nome, cod_pilar) VALUES (17, 'Prontuário do Condutor', 3);
INSERT INTO public.funcao_prolog_agrupamento (codigo, nome, cod_pilar) VALUES (18, 'Pré-Contracheque', 3);
INSERT INTO public.funcao_prolog_agrupamento (codigo, nome, cod_pilar) VALUES (19, 'Quiz', 3);
INSERT INTO public.funcao_prolog_agrupamento (codigo, nome, cod_pilar) VALUES (20, 'Raízen Produtividade', 4);
INSERT INTO public.funcao_prolog_agrupamento (codigo, nome, cod_pilar) VALUES (22, 'Recapadora', 1);
INSERT INTO public.funcao_prolog_agrupamento (codigo, nome, cod_pilar) VALUES (23, 'Relato', 2);
INSERT INTO public.funcao_prolog_agrupamento (codigo, nome, cod_pilar) VALUES (24, 'Solicitação de Folga', 3);
INSERT INTO public.funcao_prolog_agrupamento (codigo, nome, cod_pilar) VALUES (25, 'Treinamento', 3);
INSERT INTO public.funcao_prolog_agrupamento (codigo, nome, cod_pilar) VALUES (26, 'Veículo', 1);
INSERT INTO public.funcao_prolog_agrupamento (codigo, nome, cod_pilar) VALUES (27, 'Dispositivos Móveis', 5);
INSERT INTO public.funcao_prolog_agrupamento (codigo, nome, cod_pilar) VALUES (28, 'Socorro em Rota', 1);

INSERT INTO public.funcao_prolog_v11 (codigo, cod_pilar, impacto, cod_agrupamento, descricao, funcao) VALUES (10, 1, 'ALTO', 4, 'Permite ao usuário visualizar a listagem do Farol de Checklist, que indica, de acordo com os Checklists realizados no dia, quais placas estão aptas ou não a partirem para sua rota.', 'Visualizar farol de realização do checklist');
INSERT INTO public.funcao_prolog_v11 (codigo, cod_pilar, impacto, cod_agrupamento, descricao, funcao) VALUES (11, 1, 'BAIXO', 4, 'Permite ao usuário realizar o processo de Checklists para os modelos aos quais o mesmo possui acesso em sua unidade.', 'Realizar ');
INSERT INTO public.funcao_prolog_v11 (codigo, cod_pilar, impacto, cod_agrupamento, descricao, funcao) VALUES (12, 1, 'MEDIO', 4, 'Permite ao usuário visualizar as Ordens de Serviços geradas, nas unidades em que possui acesso à visualização, a partir das realizações de Checklist.', 'Visualizar Ordem de Serviço (O.S.)');
INSERT INTO public.funcao_prolog_v11 (codigo, cod_pilar, impacto, cod_agrupamento, descricao, funcao) VALUES (13, 1, 'ALTO', 4, 'Permite ao usuário realizar o fechamento das Ordens de Serviços geradas em sua unidade a partir das realizações de Checklists.', 'Consertar item em Ordem de Serviço (O.S.)');
INSERT INTO public.funcao_prolog_v11 (codigo, cod_pilar, impacto, cod_agrupamento, descricao, funcao) VALUES (14, 1, 'ALTO', 26, 'Permite ao usuário cadastrar um novo veículo.', 'Cadastrar');
INSERT INTO public.funcao_prolog_v11 (codigo, cod_pilar, impacto, cod_agrupamento, descricao, funcao) VALUES (15, 1, 'ALTO', 15, 'Permite ao usuário cadastrar novos pneus.', 'Cadastrar');
INSERT INTO public.funcao_prolog_v11 (codigo, cod_pilar, impacto, cod_agrupamento, descricao, funcao) VALUES (16, 1, 'MEDIO', 26, 'Permite ao usuário editar/alterar dados de um veículo já cadastrado.', 'Alterar');
INSERT INTO public.funcao_prolog_v11 (codigo, cod_pilar, impacto, cod_agrupamento, descricao, funcao) VALUES (17, 1, 'ALTO', 15, 'Permite ao usuário alterar as informações dos pneus cadastrados.', 'Alterar');
INSERT INTO public.funcao_prolog_v11 (codigo, cod_pilar, impacto, cod_agrupamento, descricao, funcao) VALUES (18, 1, 'ALTO', 1, 'Permite ao usuário que realize processos de aferição de placas cadastradas na unidade.', 'Realizar Aferição de Placas (cronograma)');
INSERT INTO public.funcao_prolog_v11 (codigo, cod_pilar, impacto, cod_agrupamento, descricao, funcao) VALUES (19, 1, 'MEDIO', 15, 'Permite ao usuário realizar o fechamento das Ordens de Serviços relacionadas à pneus geradas a partir de aferições realizadas.', 'Consertar item em Ordem de Serviço (O.S.)');
INSERT INTO public.funcao_prolog_v11 (codigo, cod_pilar, impacto, cod_agrupamento, descricao, funcao) VALUES (21, 2, 'BAIXO', 23, 'Permite ao usuário realizar um novo relato de segurança.', 'Realizar');
INSERT INTO public.funcao_prolog_v11 (codigo, cod_pilar, impacto, cod_agrupamento, descricao, funcao) VALUES (23, 2, 'ALTO', 23, 'Permite ao usuário classificar um relato de segurança realizado como válido (ou não) para posterior fechamento.', 'Classificar');
INSERT INTO public.funcao_prolog_v11 (codigo, cod_pilar, impacto, cod_agrupamento, descricao, funcao) VALUES (24, 2, 'ALTO', 23, 'Permite ao usuário realizar o fechamento de um relato de segurança aberto.', 'Fechar');
INSERT INTO public.funcao_prolog_v11 (codigo, cod_pilar, impacto, cod_agrupamento, descricao, funcao) VALUES (25, 2, 'MEDIO', 23, 'Permite ao usuário visualizar todos os relatos de segurança realizados em sua unidade.', 'Visualizar');
INSERT INTO public.funcao_prolog_v11 (codigo, cod_pilar, impacto, cod_agrupamento, descricao, funcao) VALUES (26, 2, 'MEDIO', 23, 'Permite ao usuário visualizar os relatórios relacionados à "Relatos de Segurança".', 'Visualizar relatórios');
INSERT INTO public.funcao_prolog_v11 (codigo, cod_pilar, impacto, cod_agrupamento, descricao, funcao) VALUES (30, 3, 'MEDIO', 25, 'Permite ao usuário visualizar os Treinamentos cadastrados em sua unidade.', 'Visualizar');
INSERT INTO public.funcao_prolog_v11 (codigo, cod_pilar, impacto, cod_agrupamento, descricao, funcao) VALUES (32, 3, 'BAIXO', 2, 'Permite ao usuário visualizar os eventos adicionados ao Calendário de sua unidade.', 'Visualizar eventos');
INSERT INTO public.funcao_prolog_v11 (codigo, cod_pilar, impacto, cod_agrupamento, descricao, funcao) VALUES (34, 3, 'ALTO', 18, 'Permite ao usuário realizar upload de arquivos com informações de Pré-Contracheques de colaboradores de sua unidade.', 'Upload');
INSERT INTO public.funcao_prolog_v11 (codigo, cod_pilar, impacto, cod_agrupamento, descricao, funcao) VALUES (35, 3, 'BAIXO', 18, 'Permite ao usuário que tenha acesso ao seu próprio pré-contracheque.', 'Visualizar');
INSERT INTO public.funcao_prolog_v11 (codigo, cod_pilar, impacto, cod_agrupamento, descricao, funcao) VALUES (36, 3, 'BAIXO', 19, 'Permite ao usuário que responda aos modelos de Quizzes disponíveis à ele.', 'Realizar');
INSERT INTO public.funcao_prolog_v11 (codigo, cod_pilar, impacto, cod_agrupamento, descricao, funcao) VALUES (37, 3, 'ALTO', 19, 'Permite ao usuário criar um novo modelo de Quiz à sua unidade.', 'Criar modelo');
INSERT INTO public.funcao_prolog_v11 (codigo, cod_pilar, impacto, cod_agrupamento, descricao, funcao) VALUES (38, 3, 'BAIXO', 24, 'Permite ao usuário realizar Solicitações de Folga', 'Realizar solicitação');
INSERT INTO public.funcao_prolog_v11 (codigo, cod_pilar, impacto, cod_agrupamento, descricao, funcao) VALUES (39, 3, 'ALTO', 24, 'Permite ao usuário à responder as Solicitações de Folga realizadas em sua unidade.', 'Responder a uma solicitação');
INSERT INTO public.funcao_prolog_v11 (codigo, cod_pilar, impacto, cod_agrupamento, descricao, funcao) VALUES (40, 4, 'BAIXO', 11, 'Permite ao usuário que visualize os indicadores de resultado na operação de entrega para os motoristas e ajudantes de sua unidade.', 'Visualizar indicadores individuais');
INSERT INTO public.funcao_prolog_v11 (codigo, cod_pilar, impacto, cod_agrupamento, descricao, funcao) VALUES (41, 4, 'MEDIO', 11, 'Permite ao usuário acesso aos relatórios relacionados aos indicadores de operação de entrega da unidade.', 'Visualizar relatórios de indicadores');
INSERT INTO public.funcao_prolog_v11 (codigo, cod_pilar, impacto, cod_agrupamento, descricao, funcao) VALUES (42, 4, 'ALTO', 12, 'Permite ao usuário a importação dos arquivos 2art e Tracking para o sistema.', 'Upload dos arquivos 2art e Tracking');
INSERT INTO public.funcao_prolog_v11 (codigo, cod_pilar, impacto, cod_agrupamento, descricao, funcao) VALUES (43, 4, 'MEDIO', 12, 'Permite ao usuário visualizar dados dados presentes nos arquivos importados.', 'Verificar dados importados');
INSERT INTO public.funcao_prolog_v11 (codigo, cod_pilar, impacto, cod_agrupamento, descricao, funcao) VALUES (44, 4, 'ALTO', 13, 'Permite ao usuário editar as metas  da unidade para cada um dos indicadores presente.', 'Editar');
INSERT INTO public.funcao_prolog_v11 (codigo, cod_pilar, impacto, cod_agrupamento, descricao, funcao) VALUES (45, 4, 'BAIXO', 16, 'Permite ao usuário visualizar seus ganhos de produtividade referentes ao cumprimento de suas metas.', 'Visualizar');
INSERT INTO public.funcao_prolog_v11 (codigo, cod_pilar, impacto, cod_agrupamento, descricao, funcao) VALUES (46, 4, 'ALTO', 16, 'Permite ao usuário visualizar o consolidado mensal da Produtividade para cada colaborador.', 'Visualizar consolidado');
INSERT INTO public.funcao_prolog_v11 (codigo, cod_pilar, impacto, cod_agrupamento, descricao, funcao) VALUES (47, 4, 'MEDIO', 13, 'Permite ao usuário visualizar as metas da unidade para cada indicador.', 'Visualizar');
INSERT INTO public.funcao_prolog_v11 (codigo, cod_pilar, impacto, cod_agrupamento, descricao, funcao) VALUES (48, 4, 'MEDIO', 16, 'Permite ao usuário visualizar os relatórios referentes à Produtividade de Entrega de sua unidade.', 'Visualizar relatórios');
INSERT INTO public.funcao_prolog_v11 (codigo, cod_pilar, impacto, cod_agrupamento, descricao, funcao) VALUES (100, 1, 'CRITICO', 1, 'Permite ao usuário configurar informações de parametrização relacionados ao processo de aferição da unidade.', 'Configurar');
INSERT INTO public.funcao_prolog_v11 (codigo, cod_pilar, impacto, cod_agrupamento, descricao, funcao) VALUES (110, 1, 'MEDIO', 15, 'Permite ao usuário acesso aos relatórios relacionados às funcionalidades de pneus.', 'Visualizar relatórios');
INSERT INTO public.funcao_prolog_v11 (codigo, cod_pilar, impacto, cod_agrupamento, descricao, funcao) VALUES (111, 1, 'MEDIO', 15, 'Permite ao usuário realizar vínculos de pneus ao veículo através de cadastro no aplicativo.', 'Vincular ao veículo');
INSERT INTO public.funcao_prolog_v11 (codigo, cod_pilar, impacto, cod_agrupamento, descricao, funcao) VALUES (112, 1, 'MEDIO', 4, 'Permite ao usuário visualizar a listagem de modelos de Checklists presentes em sua unidade e suas respectivas informações de configuração.', 'Visualizar modelo');
INSERT INTO public.funcao_prolog_v11 (codigo, cod_pilar, impacto, cod_agrupamento, descricao, funcao) VALUES (113, 1, 'ALTO', 4, 'Permite ao usuário acesso ao processo de criação de um novo modelo de Checklist para as unidades às quais possui acesso.', 'Cadastrar modelo');
INSERT INTO public.funcao_prolog_v11 (codigo, cod_pilar, impacto, cod_agrupamento, descricao, funcao) VALUES (114, 1, 'CRITICO', 4, 'Permite ao usuário a edição dos modelos, possibilitando a  configuração dos mesmos, mudanças, alterações e inclusões de perguntas e respostas, ativação e inativação dos modelo de Checklists presentes nas unidades às quais possui acesso.', 'Alterar modelo');
INSERT INTO public.funcao_prolog_v11 (codigo, cod_pilar, impacto, cod_agrupamento, descricao, funcao) VALUES (115, 1, 'MEDIO', 26, 'Permite ao usuário a visualização da listagem de veículos cadastrado à unidade.', 'Visualizar');
INSERT INTO public.funcao_prolog_v11 (codigo, cod_pilar, impacto, cod_agrupamento, descricao, funcao) VALUES (116, 1, 'MEDIO', 15, 'Permite ao usuário visualizar a listagem de pneus cadastrados em sua unidade.', 'Visualizar');
INSERT INTO public.funcao_prolog_v11 (codigo, cod_pilar, impacto, cod_agrupamento, descricao, funcao) VALUES (117, 1, 'ALTO', 1, 'Permite ao usuário visualizar todas as aferições realizadas nas unidades à qual possui acesso.', 'Visualizar realizadas');
INSERT INTO public.funcao_prolog_v11 (codigo, cod_pilar, impacto, cod_agrupamento, descricao, funcao) VALUES (118, 1, 'ALTO', 4, 'Permite ao usuário visualizar todas as Realizações de Checklist ocorridas.', 'Visualizar todos os realizados');
INSERT INTO public.funcao_prolog_v11 (codigo, cod_pilar, impacto, cod_agrupamento, descricao, funcao) VALUES (119, 1, 'MEDIO', 15, 'Permite ao usuário visualizar as Ordens de Serviços relacionadas à pneus geradas a partir de aferições realizadas.', 'Visualizar Ordens de Serviços');
INSERT INTO public.funcao_prolog_v11 (codigo, cod_pilar, impacto, cod_agrupamento, descricao, funcao) VALUES (121, 1, 'MEDIO', 4, 'Permite ao usuário acesso aos relatórios relacionados à funcionalidade de Checklist e à informações gráficas presentes na DashBoard.', 'Visualizar relatórios');
INSERT INTO public.funcao_prolog_v11 (codigo, cod_pilar, impacto, cod_agrupamento, descricao, funcao) VALUES (122, 1, 'MEDIO', 26, 'Permite ao usuário acesso aos relatórios relacionados à veículos.', 'Visualizar relatórios');
INSERT INTO public.funcao_prolog_v11 (codigo, cod_pilar, impacto, cod_agrupamento, descricao, funcao) VALUES (123, 1, 'ALTO', 14, 'Permite ao usuário cadastrar novos motivos de descarte.', 'Cadastrar novos motivos para o descarte de pneus');
INSERT INTO public.funcao_prolog_v11 (codigo, cod_pilar, impacto, cod_agrupamento, descricao, funcao) VALUES (124, 1, 'ALTO', 14, 'Permite ao usuário editar os motivos de descarte cadastros.', 'Edição dos motivos de descarte de pneus');
INSERT INTO public.funcao_prolog_v11 (codigo, cod_pilar, impacto, cod_agrupamento, descricao, funcao) VALUES (130, 1, 'MEDIO', 22, 'Permite ao usuário cadastrar recapadoras utilizadas para o encaminhamento de pneus para conserto.', 'Cadastrar');
INSERT INTO public.funcao_prolog_v11 (codigo, cod_pilar, impacto, cod_agrupamento, descricao, funcao) VALUES (131, 1, 'MEDIO', 22, 'Permite ao usuário visualizar as recapadoras cadastradas.', 'Visualizar');
INSERT INTO public.funcao_prolog_v11 (codigo, cod_pilar, impacto, cod_agrupamento, descricao, funcao) VALUES (132, 1, 'MEDIO', 22, 'Permite ao usuário alterar o cadastro de recapadoras.', 'Editar');
INSERT INTO public.funcao_prolog_v11 (codigo, cod_pilar, impacto, cod_agrupamento, descricao, funcao) VALUES (133, 1, 'ALTO', 15, 'Permite ao usuário cadastrar Tipos de Serviço de conserto aos quais os pneus podem ser submetidos.', 'Tipo de Serviço - Cadastrar');
INSERT INTO public.funcao_prolog_v11 (codigo, cod_pilar, impacto, cod_agrupamento, descricao, funcao) VALUES (134, 1, 'MEDIO', 15, 'Permite ao usuário visualizar os Tipos de Serviço de conserto de pneus cadastrados.', 'Tipo de Serviço - Visualizar');
INSERT INTO public.funcao_prolog_v11 (codigo, cod_pilar, impacto, cod_agrupamento, descricao, funcao) VALUES (135, 1, 'ALTO', 15, 'Permite ao usuário editar os Tipos de Serviço de conserto de pneus cadastrados.', 'Tipo de Serviço - Editar');
INSERT INTO public.funcao_prolog_v11 (codigo, cod_pilar, impacto, cod_agrupamento, descricao, funcao) VALUES (140, 1, 'ALTO', 1, 'Permite ao usuário que realize processos de aferição de pneus presentes em estoque de forma avulsa.', 'Realizar Aferição de Pneus (avulsa)');
INSERT INTO public.funcao_prolog_v11 (codigo, cod_pilar, impacto, cod_agrupamento, descricao, funcao) VALUES (141, 1, 'CRITICO', 10, 'Permite ao usuário acesso à funcionalidade de Transferência de Pneus e Veículos entre unidades da empresa. Importante: o usuário poderá realizar a transferência apenas entre unidades às quais possui visualização.', 'Transferir pneus e veículos entre unidades');
INSERT INTO public.funcao_prolog_v11 (codigo, cod_pilar, impacto, cod_agrupamento, descricao, funcao) VALUES (142, 1, 'MEDIO', 14, 'Permite ao usuário acesso à funcionalidade de Movimentação de Pneus para que realize as seguintes ações de movimentação: Veículo / Estoque (Veículo -> Estoque • Estoque -> Veículo • Veículo -> Veículo)', 'Veículo / Estoque (Veículo -> Estoque • Estoque -> Veículo • Veículo -> Veículo)');
INSERT INTO public.funcao_prolog_v11 (codigo, cod_pilar, impacto, cod_agrupamento, descricao, funcao) VALUES (143, 1, 'ALTO', 14, 'Permite ao usuário acesso à funcionalidade de Movimentação de Pneus para que realize as seguintes ações de movimentação: Análise (Estoque ou Veículo -> Análise • Análise -> Estoque)', 'Análise (Estoque ou Veículo -> Análise • Análise -> Estoque)');
INSERT INTO public.funcao_prolog_v11 (codigo, cod_pilar, impacto, cod_agrupamento, descricao, funcao) VALUES (144, 1, 'CRITICO', 14, 'Permite ao usuário acesso à funcionalidade de Movimentação de Pneus para que realize as seguintes ações de movimentação: Descarte (Estoque ou Veículo ou Análise -> Descarte)', 'Descarte (Estoque ou Veículo ou Análise -> Descarte)');
INSERT INTO public.funcao_prolog_v11 (codigo, cod_pilar, impacto, cod_agrupamento, descricao, funcao) VALUES (145, 1, 'BAIXO', 28, 'Permite ao usuário solicitar um socorro em rota.', 'Solicitar socorro');
INSERT INTO public.funcao_prolog_v11 (codigo, cod_pilar, impacto, cod_agrupamento, descricao, funcao) VALUES (146, 1, 'CRITICO', 28, 'Permite ao usuário tratar todo o fluxo de um socorro solictado, sendo: realizar o atendimento, invalidar um socorro e finalizar o atendimento', 'Tratar socorros');
INSERT INTO public.funcao_prolog_v11 (codigo, cod_pilar, impacto, cod_agrupamento, descricao, funcao) VALUES (147, 1, 'MEDIO', 28, 'Permite ao usuário visualizar os socorros existens e relatórios sobre socorros em rota.', 'Visualizar socorros e relatórios');
INSERT INTO public.funcao_prolog_v11 (codigo, cod_pilar, impacto, cod_agrupamento, descricao, funcao) VALUES (148, 1, 'ALTO', 28, 'Permite ao usuário listar, criar, editar, ativar e inativar as opções de problema.', 'Gerenciar Opções de Problema');
INSERT INTO public.funcao_prolog_v11 (codigo, cod_pilar, impacto, cod_agrupamento, descricao, funcao) VALUES (310, 3, 'ALTO', 5, 'Permite ao usuário cadastrar novos usuários à sua empresa no ProLog.', 'Cadastrar');
INSERT INTO public.funcao_prolog_v11 (codigo, cod_pilar, impacto, cod_agrupamento, descricao, funcao) VALUES (311, 3, 'ALTO', 7, 'Permite ao usuário cadastrar novas Equipes à sua unidade.', 'Cadastrar');
INSERT INTO public.funcao_prolog_v11 (codigo, cod_pilar, impacto, cod_agrupamento, descricao, funcao) VALUES (313, 3, 'ALTO', 7, 'Permite ao usuário editar/alterar o nome de Equipes cadastradas em sua unidade', 'Alterar');
INSERT INTO public.funcao_prolog_v11 (codigo, cod_pilar, impacto, cod_agrupamento, descricao, funcao) VALUES (314, 3, 'BAIXO', 9, 'Permite ao usuário realizar envio de mensagem na funcionalidade Fale Conosco', 'Realizar');
INSERT INTO public.funcao_prolog_v11 (codigo, cod_pilar, impacto, cod_agrupamento, descricao, funcao) VALUES (315, 3, 'ALTO', 9, 'Permite ao usuário visualizar e responder as mensagens realizadas na funcionalidade Fale Conosco.', 'Responder');
INSERT INTO public.funcao_prolog_v11 (codigo, cod_pilar, impacto, cod_agrupamento, descricao, funcao) VALUES (316, 3, 'MEDIO', 5, 'Permite ao usuário visualizar a listagem de usuários cadastrados à sua unidade', 'Visualizar');
INSERT INTO public.funcao_prolog_v11 (codigo, cod_pilar, impacto, cod_agrupamento, descricao, funcao) VALUES (317, 3, 'MEDIO', 7, 'Permite ao usuário visualizar a listagem de Equipes  cadastradas em sua unidade.', 'Visualizar');
INSERT INTO public.funcao_prolog_v11 (codigo, cod_pilar, impacto, cod_agrupamento, descricao, funcao) VALUES (318, 3, 'MEDIO', 25, 'Permite ao usuário alterar/editar configurações dos Treinamentos  cadastrados em sua unidade.', 'Alterar');
INSERT INTO public.funcao_prolog_v11 (codigo, cod_pilar, impacto, cod_agrupamento, descricao, funcao) VALUES (319, 3, 'MEDIO', 2, 'Permite ao usuário alterar/editar informações de um evento criado para a sua unidade.', 'Alterar evento');
INSERT INTO public.funcao_prolog_v11 (codigo, cod_pilar, impacto, cod_agrupamento, descricao, funcao) VALUES (320, 3, 'MEDIO', 19, 'Permite ao usuário visualizar a listagem de todos os modelos de Quizzes cadastradas em sua unidade.', 'Visualizar modelo');
INSERT INTO public.funcao_prolog_v11 (codigo, cod_pilar, impacto, cod_agrupamento, descricao, funcao) VALUES (321, 3, 'ALTO', 19, 'Permite ao usuário alterar/editar os modelos de Quiz cadastrados em sua unidade.', 'Alterar modelo');
INSERT INTO public.funcao_prolog_v11 (codigo, cod_pilar, impacto, cod_agrupamento, descricao, funcao) VALUES (322, 3, 'ALTO', 9, 'Permite aos usuários visualizar todas as mensagens realizadas no Fale Conosco.', 'Visualizar todos');
INSERT INTO public.funcao_prolog_v11 (codigo, cod_pilar, impacto, cod_agrupamento, descricao, funcao) VALUES (323, 3, 'MEDIO', 25, 'Permite ao usuário cadastrar um novo modelo de Treinamento à sua unidade.', 'Criar');
INSERT INTO public.funcao_prolog_v11 (codigo, cod_pilar, impacto, cod_agrupamento, descricao, funcao) VALUES (324, 3, 'MEDIO', 2, 'Permite ao usuário criar um novo evento para adicionar ao Calendário de sua unidade.', 'Criar evento');
INSERT INTO public.funcao_prolog_v11 (codigo, cod_pilar, impacto, cod_agrupamento, descricao, funcao) VALUES (325, 3, 'ALTO', 5, 'Permite ao usuário editar/alterar informações de cadastros de usuários.', 'Alterar');
INSERT INTO public.funcao_prolog_v11 (codigo, cod_pilar, impacto, cod_agrupamento, descricao, funcao) VALUES (326, 3, 'MEDIO', 19, 'Permite aos usuários visualizar os relatórios realizados pelos demais usuários em sua unidade.', 'Visualizar realizados');
INSERT INTO public.funcao_prolog_v11 (codigo, cod_pilar, impacto, cod_agrupamento, descricao, funcao) VALUES (327, 3, 'MEDIO', 24, 'Permite ao usuário visualizar as Solicitações de Folga realizadas em sua unidade.', 'Visualizar ');
INSERT INTO public.funcao_prolog_v11 (codigo, cod_pilar, impacto, cod_agrupamento, descricao, funcao) VALUES (328, 3, 'MEDIO', 3, 'Permite ao usuário visualizar, sem alterar, as permissões que estão vinculadas à cada cargo.', 'Visualizar permissões');
INSERT INTO public.funcao_prolog_v11 (codigo, cod_pilar, impacto, cod_agrupamento, descricao, funcao) VALUES (329, 3, 'CRITICO', 3, 'Permite ao usuário vincular permissões de funcionalidades no ProLog à cargos.', 'Vincular permissão');
INSERT INTO public.funcao_prolog_v11 (codigo, cod_pilar, impacto, cod_agrupamento, descricao, funcao) VALUES (330, 3, 'MEDIO', 19, 'Permite ao usuário acesso aos relatórios relacionados à parte de Quiz.', 'Visualizar relatórios');
INSERT INTO public.funcao_prolog_v11 (codigo, cod_pilar, impacto, cod_agrupamento, descricao, funcao) VALUES (331, 3, 'MEDIO', 9, 'Permite ao usuário acesso aos relatórios relacionados ao Fale Conosco.', 'Visualizar relatórios');
INSERT INTO public.funcao_prolog_v11 (codigo, cod_pilar, impacto, cod_agrupamento, descricao, funcao) VALUES (332, 3, 'MEDIO', 24, 'Permite ao usuário acesso aos relatórios relacionados à parte de Solicitações de Folga.', 'Visualizar relatórios');
INSERT INTO public.funcao_prolog_v11 (codigo, cod_pilar, impacto, cod_agrupamento, descricao, funcao) VALUES (333, 3, 'ALTO', 17, 'Permite ao usuário realizar o upload do arquivo de Prontuário do Condutor (Portal Gente e Gestão) no ProLog.', 'Upload');
INSERT INTO public.funcao_prolog_v11 (codigo, cod_pilar, impacto, cod_agrupamento, descricao, funcao) VALUES (334, 3, 'BAIXO', 17, 'Permite aos condutores que visualizem a sua pontuação referente ao seu prontuário do condutor.', 'Visualizar');
INSERT INTO public.funcao_prolog_v11 (codigo, cod_pilar, impacto, cod_agrupamento, descricao, funcao) VALUES (335, 3, 'MEDIO', 17, 'Permite ao usuários visualizar as pontuações dos condutores cadastrados em sua unidade.', 'Visualizar todos');
INSERT INTO public.funcao_prolog_v11 (codigo, cod_pilar, impacto, cod_agrupamento, descricao, funcao) VALUES (336, 3, 'BAIXO', 6, 'Permite aos usuários que realize o Controle de Marcações.', 'Realizar marcações');
INSERT INTO public.funcao_prolog_v11 (codigo, cod_pilar, impacto, cod_agrupamento, descricao, funcao) VALUES (337, 3, 'ALTO', 6, 'Permite ao usuário visualizar todas as marcações realizadas pelos colaboradores de sua unidade.', 'Visualizar todas as marcações');
INSERT INTO public.funcao_prolog_v11 (codigo, cod_pilar, impacto, cod_agrupamento, descricao, funcao) VALUES (338, 3, 'CRITICO', 6, 'Permite ao usuário alterar, incluir, editar e excluir marcações realizadas pelos usuários de sua unidade.', 'Ajuste de Marcações (criar, editar, inativar)');
INSERT INTO public.funcao_prolog_v11 (codigo, cod_pilar, impacto, cod_agrupamento, descricao, funcao) VALUES (340, 3, 'CRITICO', 6, 'Permite ao usuário criar um novo Tipo de Marcação para a sua unidade.', 'Criar tipo de marcação');
INSERT INTO public.funcao_prolog_v11 (codigo, cod_pilar, impacto, cod_agrupamento, descricao, funcao) VALUES (341, 3, 'CRITICO', 6, 'Permite ao usuário que torne um Tipo de Marcação cadastrado em sua unidade INATIVO.', 'Inativar tipo de marcação');
INSERT INTO public.funcao_prolog_v11 (codigo, cod_pilar, impacto, cod_agrupamento, descricao, funcao) VALUES (342, 3, 'MEDIO', 6, 'Permite ao usuário visualizar os relatórios relacionados à "Controle de Marcações".', 'Visualizar relatórios');
INSERT INTO public.funcao_prolog_v11 (codigo, cod_pilar, impacto, cod_agrupamento, descricao, funcao) VALUES (343, 3, 'MEDIO', 25, 'Permite ao usuário acesso aos relatórios relacionados à parte de Treinamento.', 'Visualizar relatórios');
INSERT INTO public.funcao_prolog_v11 (codigo, cod_pilar, impacto, cod_agrupamento, descricao, funcao) VALUES (344, 3, 'CRITICO', 6, 'Permite ao usuário editar configurações de Marcações cadastradas em sua unidade.', 'Alterar tipo de marcação');
INSERT INTO public.funcao_prolog_v11 (codigo, cod_pilar, impacto, cod_agrupamento, descricao, funcao) VALUES (410, 4, 'ALTO', 8, 'Permite ao usuário deletar itens presentes na Escala Diária de sua unidade.', 'Deletar itens');
INSERT INTO public.funcao_prolog_v11 (codigo, cod_pilar, impacto, cod_agrupamento, descricao, funcao) VALUES (411, 4, 'ALTO', 8, 'Permite ao usuário a realização de download de planilha padrão e importação da mesma após preenchimento.', 'Upload do arquivo');
INSERT INTO public.funcao_prolog_v11 (codigo, cod_pilar, impacto, cod_agrupamento, descricao, funcao) VALUES (412, 4, 'MEDIO', 8, 'Permite ao usuário visualizar a listagem das Escalas Diárias importadas no ProLog.', 'Visualização');
INSERT INTO public.funcao_prolog_v11 (codigo, cod_pilar, impacto, cod_agrupamento, descricao, funcao) VALUES (413, 4, 'ALTO', 8, 'Permite ao usuário alterar e editar itens presentes na Escala Diária de sua unidade.', 'Edição de itens');
INSERT INTO public.funcao_prolog_v11 (codigo, cod_pilar, impacto, cod_agrupamento, descricao, funcao) VALUES (414, 4, 'MEDIO', 20, 'Permite ao usuário a visualização de todos os registros de produtividade.', 'Visualizar todos');
INSERT INTO public.funcao_prolog_v11 (codigo, cod_pilar, impacto, cod_agrupamento, descricao, funcao) VALUES (415, 4, 'BAIXO', 20, 'Permite ao usuário visualizar seus ganhos de produtividade.', 'Visualizar próprios');
INSERT INTO public.funcao_prolog_v11 (codigo, cod_pilar, impacto, cod_agrupamento, descricao, funcao) VALUES (416, 4, 'MEDIO', 20, 'Permite ao usuário editar registros de produtividade.', 'Editar');
INSERT INTO public.funcao_prolog_v11 (codigo, cod_pilar, impacto, cod_agrupamento, descricao, funcao) VALUES (417, 4, 'MEDIO', 20, 'Permite ao usuário inserir registros de produtividade.', 'Inserir Registros (upload e cadastro)');
INSERT INTO public.funcao_prolog_v11 (codigo, cod_pilar, impacto, cod_agrupamento, descricao, funcao) VALUES (418, 4, 'ALTO', 20, 'Permite ao usuário deletar registros de produtividade.', 'Deletar');
INSERT INTO public.funcao_prolog_v11 (codigo, cod_pilar, impacto, cod_agrupamento, descricao, funcao) VALUES (419, 4, 'MEDIO', 20, 'Permite ao usuário visualizar os relatórios de produtividade.', 'Visualizar Relatórios');
INSERT INTO public.funcao_prolog_v11 (codigo, cod_pilar, impacto, cod_agrupamento, descricao, funcao) VALUES (501, 5, 'MEDIO', 27, 'Permite ao usuário fazer a gestão dos dispositivos móveis', 'Gestão (cadastro, edição e deleção)');



INSERT INTO public.dashboard_componente_tipo (codigo, identificador_tipo, nome, descricao, maximo_blocos_horizontais, maximo_blocos_verticais, minimo_blocos_horizontais, minimo_blocos_verticais, data_hora_criacao, data_hora_ultima_alteracao) VALUES (2, 'QUANTIDADE_ITEM', 'Quantidade de Itens', 'Todos os componentes desse tipo serão representados como um componente simples que mostra uma quantidade', 1, 1, 1, 1, '2018-01-25 13:43:28.673000', '2018-01-25 13:43:28.673000');
INSERT INTO public.dashboard_componente_tipo (codigo, identificador_tipo, nome, descricao, maximo_blocos_horizontais, maximo_blocos_verticais, minimo_blocos_horizontais, minimo_blocos_verticais, data_hora_criacao, data_hora_ultima_alteracao) VALUES (3, 'GRAFICO_BARRAS_VERTICAIS_AGRUPADAS', 'Gráfico em Barras Verticais Agrupadas', 'Todos os componentes desse tipo serão representados como um gráfico em barras verticais agrupadas ', 3, 2, 1, 1, '2018-01-25 17:13:42.496000', '2018-01-25 17:13:42.496000');
INSERT INTO public.dashboard_componente_tipo (codigo, identificador_tipo, nome, descricao, maximo_blocos_horizontais, maximo_blocos_verticais, minimo_blocos_horizontais, minimo_blocos_verticais, data_hora_criacao, data_hora_ultima_alteracao) VALUES (1, 'GRAFICO_SETORES', 'Gráfico de Setores', 'Todos os componentes desse tipo serão representados como um gráfico de setores', 2, 2, 1, 1, '2018-01-24 17:26:29.576000', '2018-01-24 17:26:29.576000');
INSERT INTO public.dashboard_componente_tipo (codigo, identificador_tipo, nome, descricao, maximo_blocos_horizontais, maximo_blocos_verticais, minimo_blocos_horizontais, minimo_blocos_verticais, data_hora_criacao, data_hora_ultima_alteracao) VALUES (5, 'TABELA', 'Tabela', 'Todos os componentes desse tipo serão representados como uma tabela', 3, 2, 1, 1, '2018-01-26 12:22:58.234000', '2018-01-26 12:22:58.234000');
INSERT INTO public.dashboard_componente_tipo (codigo, identificador_tipo, nome, descricao, maximo_blocos_horizontais, maximo_blocos_verticais, minimo_blocos_horizontais, minimo_blocos_verticais, data_hora_criacao, data_hora_ultima_alteracao) VALUES (4, 'GRAFICO_BARRAS_VERTICAIS', 'Gráfico em Barras Verticais', 'Todos os componentes desse tipo serão representados como um gráfico em barras verticais', 3, 2, 1, 1, '2018-01-25 19:32:06.826000', '2018-01-25 19:32:06.826000');
INSERT INTO public.dashboard_componente_tipo (codigo, identificador_tipo, nome, descricao, maximo_blocos_horizontais, maximo_blocos_verticais, minimo_blocos_horizontais, minimo_blocos_verticais, data_hora_criacao, data_hora_ultima_alteracao) VALUES (6, 'GRAFICO_DENSIDADE', 'Gráfico de Densidade', 'Todos os componentes desse tipo serão representados como um gráfico de dispersão', 3, 2, 1, 1, '2018-01-26 16:13:56.065000', '2018-01-26 16:13:56.065000');
INSERT INTO public.dashboard_componente_tipo (codigo, identificador_tipo, nome, descricao, maximo_blocos_horizontais, maximo_blocos_verticais, minimo_blocos_horizontais, minimo_blocos_verticais, data_hora_criacao, data_hora_ultima_alteracao) VALUES (7, 'GRAFICO_LINHAS_HORIZONTAIS', 'Gráfico de Linhas Horizontais', 'Todos os componentes desse tipo serão representados como um gráfico de linhas horizontais', 3, 2, 1, 1, '2018-10-03 00:53:22.836225', '2018-10-03 00:53:22.836225');

INSERT INTO public.dashboard_componente (codigo, titulo, subtitulo, descricao, qtd_blocos_horizontais, qtd_blocos_verticais, data_hora_criacao, data_hora_ultima_alteracao, cod_pilar_prolog_componente, cod_tipo_componente, url_endpoint_dados, cor_background_hex, url_icone, label_eixo_x, label_eixo_y, ativo) VALUES (1, 'Quantidade de pneus por status', null, 'Mostra quantos pneus existem em cada estado', 1, 1, '2018-01-24 19:04:45.605000', '2018-01-24 19:04:45.605000', 1, 1, '/dashboards/pneus/pneus-por-status', null, null, null, null, true);
INSERT INTO public.dashboard_componente (codigo, titulo, subtitulo, descricao, qtd_blocos_horizontais, qtd_blocos_verticais, data_hora_criacao, data_hora_ultima_alteracao, cod_pilar_prolog_componente, cod_tipo_componente, url_endpoint_dados, cor_background_hex, url_icone, label_eixo_x, label_eixo_y, ativo) VALUES (3, 'Pneus com pressão incorreta', null, 'Mostra a quantidade de pneus com pressão incorreta', 1, 1, '2018-01-25 15:34:32.573000', '2018-01-25 15:34:32.573000', 1, 2, '/dashboards/pneus/quantidade-pneus-pressao-incorreta', '#E74C3C', 'https://s3-sa-east-1.amazonaws.com/prolog-dashboards/icones-quantidade-itens/ic_pneu_furado.png', null, null, true);
INSERT INTO public.dashboard_componente (codigo, titulo, subtitulo, descricao, qtd_blocos_horizontais, qtd_blocos_verticais, data_hora_criacao, data_hora_ultima_alteracao, cod_pilar_prolog_componente, cod_tipo_componente, url_endpoint_dados, cor_background_hex, url_icone, label_eixo_x, label_eixo_y, ativo) VALUES (5, 'Quantidade de serviços em aberto por tipo', null, 'Mostra a quantidade de serviços que estão em aberto', 1, 1, '2018-01-25 19:33:20.405000', '2018-01-25 19:33:20.405000', 1, 4, '/dashboards/pneus/quantidade-servicos-abertos-por-tipo', null, null, 'Tipos de serviço', 'Quantidade de serviços em aberto', true);
INSERT INTO public.dashboard_componente (codigo, titulo, subtitulo, descricao, qtd_blocos_horizontais, qtd_blocos_verticais, data_hora_criacao, data_hora_ultima_alteracao, cod_pilar_prolog_componente, cod_tipo_componente, url_endpoint_dados, cor_background_hex, url_icone, label_eixo_x, label_eixo_y, ativo) VALUES (8, 'Quantidade de KM rodado com pneu(s) com problema', null, 'Mostra a quantidade de quilômetros que cada veículo percorreu tendo pneu(s) com problema', 1, 1, '2018-01-26 15:55:18.273000', '2018-01-26 15:55:18.273000', 1, 5, '/dashboards/pneus/quantidade-km-rodado-com-servico-aberto', null, null, null, null, true);
INSERT INTO public.dashboard_componente (codigo, titulo, subtitulo, descricao, qtd_blocos_horizontais, qtd_blocos_verticais, data_hora_criacao, data_hora_ultima_alteracao, cod_pilar_prolog_componente, cod_tipo_componente, url_endpoint_dados, cor_background_hex, url_icone, label_eixo_x, label_eixo_y, ativo) VALUES (10, 'Média de tempo de conserto dos serviços', 'Separado por tipo de serviço e em horas', 'Mostra a média de tempo de conserto, em horas, para cada tipo de serviço dos pneus', 1, 1, '2018-01-26 19:56:19.953000', '2018-01-26 19:56:19.953000', 1, 4, '/dashboards/pneus/media-tempo-conserto-servicos-por-tipo', null, null, 'Tipos de serviço', 'Tempo de conserto em horas', true);
INSERT INTO public.dashboard_componente (codigo, titulo, subtitulo, descricao, qtd_blocos_horizontais, qtd_blocos_verticais, data_hora_criacao, data_hora_ultima_alteracao, cod_pilar_prolog_componente, cod_tipo_componente, url_endpoint_dados, cor_background_hex, url_icone, label_eixo_x, label_eixo_y, ativo) VALUES (12, 'Pneus cadastrados', null, 'Mostra a quantidade de pneus cadastrados no sistema que não estão sucateados', 1, 1, '2018-01-25 15:34:32.573000', '2018-01-25 15:34:32.573000', 1, 2, '/dashboards/pneus/quantidade-pneus-cadastrados', '#249b57', 'https://s3-sa-east-1.amazonaws.com/prolog-dashboards/icones-quantidade-itens/ic_listagem_pneus.png', null, null, true);
INSERT INTO public.dashboard_componente (codigo, titulo, subtitulo, descricao, qtd_blocos_horizontais, qtd_blocos_verticais, data_hora_criacao, data_hora_ultima_alteracao, cod_pilar_prolog_componente, cod_tipo_componente, url_endpoint_dados, cor_background_hex, url_icone, label_eixo_x, label_eixo_y, ativo) VALUES (11, 'Relatos realizados hoje', '', 'Mostra a quantidade de relatos que foram realizados no dia de hoje', 1, 1, '2018-02-08 17:18:26.755000', '2018-02-08 17:18:26.755000', 2, 2, '/dashboards/relatos/quantidade-relatos-realizados-hoje', '#1976D2', 'https://s3-sa-east-1.amazonaws.com/prolog-dashboards/icones-quantidade-itens/ic_rosto_capacete.png', null, null, false);
INSERT INTO public.dashboard_componente (codigo, titulo, subtitulo, descricao, qtd_blocos_horizontais, qtd_blocos_verticais, data_hora_criacao, data_hora_ultima_alteracao, cod_pilar_prolog_componente, cod_tipo_componente, url_endpoint_dados, cor_background_hex, url_icone, label_eixo_x, label_eixo_y, ativo) VALUES (14, 'Checklists realizados / dia', 'Separado em saída e retorno nos últimos 30 dias', 'Mostra a quantidade de checklists realizados nos últimos 30 dias, separado em saída e retorno', 2, 1, '2018-10-03 00:53:22.836225', '2018-10-03 00:53:22.836225', 1, 7, '/dashboards/checklists/quantidade-checklists-ultimos-30-dias', null, null, 'Dias', 'Quantidade de checklists', true);
INSERT INTO public.dashboard_componente (codigo, titulo, subtitulo, descricao, qtd_blocos_horizontais, qtd_blocos_verticais, data_hora_criacao, data_hora_ultima_alteracao, cod_pilar_prolog_componente, cod_tipo_componente, url_endpoint_dados, cor_background_hex, url_icone, label_eixo_x, label_eixo_y, ativo) VALUES (13, 'Análise de motivos de descarte', null, 'Mostra a porcentagem de pneus descartados por motivo', 1, 1, '2018-03-27 14:21:50.959000', '2018-03-27 14:20:58.729000', 1, 1, '/dashboards/pneus/motivos-descarte', null, null, null, null, false);
INSERT INTO public.dashboard_componente (codigo, titulo, subtitulo, descricao, qtd_blocos_horizontais, qtd_blocos_verticais, data_hora_criacao, data_hora_ultima_alteracao, cod_pilar_prolog_componente, cod_tipo_componente, url_endpoint_dados, cor_background_hex, url_icone, label_eixo_x, label_eixo_y, ativo) VALUES (2, 'Veículos ativos', null, 'Mostra a quantidade de veículos ativos', 1, 1, '2018-01-25 13:44:19.598000', '2018-01-25 13:44:19.598000', 1, 2, '/dashboards/veiculos/quantidade-veiculos-ativos', '#1976D2', 'https://s3-sa-east-1.amazonaws.com/prolog-dashboards/icones-quantidade-itens/ic_caminhao.png', null, null, true);
INSERT INTO public.dashboard_componente (codigo, titulo, subtitulo, descricao, qtd_blocos_horizontais, qtd_blocos_verticais, data_hora_criacao, data_hora_ultima_alteracao, cod_pilar_prolog_componente, cod_tipo_componente, url_endpoint_dados, cor_background_hex, url_icone, label_eixo_x, label_eixo_y, ativo) VALUES (15, 'Total de itens de O.S. em aberto', 'Separado por prioridade', 'Mostra a quantidade de itens de O.S. em aberto, separado por prioridade', 1, 1, '2018-10-03 00:53:22.836225', '2018-10-03 00:53:22.836225', 1, 1, '/dashboards/checklists/ordens-servico/quantidade-itens-os-abertos-por-prioridade', null, null, null, null, true);
INSERT INTO public.dashboard_componente (codigo, titulo, subtitulo, descricao, qtd_blocos_horizontais, qtd_blocos_verticais, data_hora_criacao, data_hora_ultima_alteracao, cod_pilar_prolog_componente, cod_tipo_componente, url_endpoint_dados, cor_background_hex, url_icone, label_eixo_x, label_eixo_y, ativo) VALUES (16, 'Placas com mais itens de O.S. em aberto', 'As 15 placas com mais itens pendentes de conserto', 'Mostra a quantidade de placas com a maior quantidade de itens de O.S. em aberto, dentre todas as unidades filtradas', 2, 1, '2018-10-03 00:53:22.836225', '2018-10-03 00:53:22.836225', 1, 5, '/dashboards/checklists/ordens-servico/placas-maior-quantidade-itens-os-abertos', null, null, null, null, true);
INSERT INTO public.dashboard_componente (codigo, titulo, subtitulo, descricao, qtd_blocos_horizontais, qtd_blocos_verticais, data_hora_criacao, data_hora_ultima_alteracao, cod_pilar_prolog_componente, cod_tipo_componente, url_endpoint_dados, cor_background_hex, url_icone, label_eixo_x, label_eixo_y, ativo) VALUES (18, 'Placas com Aferição Vencida', null, 'Mostra as placas com Aferição vencida e quantos dias que está vencida', 2, 1, '2018-12-10 23:36:39.894782', '2018-12-10 23:36:39.894782', 1, 5, '/dashboards/pneus/quantidade-dias-afericoes-vencidas', null, null, null, null, true);
INSERT INTO public.dashboard_componente (codigo, titulo, subtitulo, descricao, qtd_blocos_horizontais, qtd_blocos_verticais, data_hora_criacao, data_hora_ultima_alteracao, cod_pilar_prolog_componente, cod_tipo_componente, url_endpoint_dados, cor_background_hex, url_icone, label_eixo_x, label_eixo_y, ativo) VALUES (9, 'Menor sulco e pressão de cada pneu', null, 'Mostra a altura do menor sulco e pressão de cada pneu', 2, 1, '2018-01-26 16:16:44.349000', '2018-01-26 16:16:44.349000', 1, 6, '/dashboards/pneus/menor-sulco-e-pressao-pneus', null, null, 'Pressão', 'Sulco', true);
INSERT INTO public.dashboard_componente (codigo, titulo, subtitulo, descricao, qtd_blocos_horizontais, qtd_blocos_verticais, data_hora_criacao, data_hora_ultima_alteracao, cod_pilar_prolog_componente, cod_tipo_componente, url_endpoint_dados, cor_background_hex, url_icone, label_eixo_x, label_eixo_y, ativo) VALUES (20, 'Quantidade de relatos pendentes', 'Separado por status', 'Mostra a quantidade de relatos que estão pendentes de classificação ou fechamento', 1, 1, '2018-12-11 11:43:26.035825', '2018-12-11 11:43:26.035825', 2, 1, '/dashboards/relatos/quantidade-relatos-pendentes-por-status', null, null, null, null, true);
INSERT INTO public.dashboard_componente (codigo, titulo, subtitulo, descricao, qtd_blocos_horizontais, qtd_blocos_verticais, data_hora_criacao, data_hora_ultima_alteracao, cod_pilar_prolog_componente, cod_tipo_componente, url_endpoint_dados, cor_background_hex, url_icone, label_eixo_x, label_eixo_y, ativo) VALUES (19, 'Quantidade de aferições realizadas', null, 'Mostra a quantidade de aferições realizadas separando por tipo', 2, 1, '2018-12-11 11:46:33.684273', '2018-12-11 11:46:33.684273', 1, 7, '/dashboards/pneus/quantidade-afericoes-por-tipo-ultimos-30-dias', null, null, 'Dias', 'Quantidade de Aferições', true);
INSERT INTO public.dashboard_componente (codigo, titulo, subtitulo, descricao, qtd_blocos_horizontais, qtd_blocos_verticais, data_hora_criacao, data_hora_ultima_alteracao, cod_pilar_prolog_componente, cod_tipo_componente, url_endpoint_dados, cor_background_hex, url_icone, label_eixo_x, label_eixo_y, ativo) VALUES (4, 'Quantidade de aferições na semana atual', 'Separado por dia', 'Mostra a quantidade de aferições na semana atual agrupadas pelo tipo da aferição', 2, 1, '2018-01-25 17:15:52.595000', '2018-01-25 17:15:52.595000', 1, 3, '/dashboards/pneus/quantidade-afericoes-semana-atual', null, null, 'Dias', 'Quantidade de aferições', false);
INSERT INTO public.dashboard_componente (codigo, titulo, subtitulo, descricao, qtd_blocos_horizontais, qtd_blocos_verticais, data_hora_criacao, data_hora_ultima_alteracao, cod_pilar_prolog_componente, cod_tipo_componente, url_endpoint_dados, cor_background_hex, url_icone, label_eixo_x, label_eixo_y, ativo) VALUES (6, 'Resumo das aferições', 'Quantidade de placas que estão com aferição vencida e no prazo', 'Mostra a quantidade de placas que estão com a aferição vencida e no prazo', 1, 1, '2018-01-26 12:10:02.094000', '2018-01-26 12:10:02.094000', 1, 1, '/dashboards/pneus/quantidade-placas-afericoes-vencidas-e-no-prazo', null, null, null, null, true);
INSERT INTO public.dashboard_componente (codigo, titulo, subtitulo, descricao, qtd_blocos_horizontais, qtd_blocos_verticais, data_hora_criacao, data_hora_ultima_alteracao, cod_pilar_prolog_componente, cod_tipo_componente, url_endpoint_dados, cor_background_hex, url_icone, label_eixo_x, label_eixo_y, ativo) VALUES (7, 'Placas com pneu(s) abaixo do limite de milimetragem', null, 'Mostra as placas que possuem um ou mais pneus com sulco abaixo do limite permitido de milimetragem (parametro de descarte)', 1, 1, '2018-01-26 12:24:04.882000', '2018-01-26 12:24:04.882000', 1, 5, '/dashboards/pneus/placas-com-pneus-abaixo-limite-milimetragem', null, null, null, null, true);
INSERT INTO public.dashboard_componente (codigo, titulo, subtitulo, descricao, qtd_blocos_horizontais, qtd_blocos_verticais, data_hora_criacao, data_hora_ultima_alteracao, cod_pilar_prolog_componente, cod_tipo_componente, url_endpoint_dados, cor_background_hex, url_icone, label_eixo_x, label_eixo_y, ativo) VALUES (17, 'Checklists realizados em menos de 1 minuto e 30 segundos', null, 'Mostra a quantidade de checklists realizados em menos de 1 minuto e 30 segundos realizados nos últimos 30 dias', 2, 1, '2018-12-10 23:36:39.894782', '2018-12-10 23:36:39.894782', 1, 5, '/dashboards/checklists/quantidade-checks-realizados-abaixo-de-1-30', null, null, null, null, true);

INSERT INTO public.dashboard_componente_funcao_prolog (cod_componente, cod_funcao_prolog, cod_pilar_prolog) VALUES (1, 110, 1);
INSERT INTO public.dashboard_componente_funcao_prolog (cod_componente, cod_funcao_prolog, cod_pilar_prolog) VALUES (2, 122, 1);
INSERT INTO public.dashboard_componente_funcao_prolog (cod_componente, cod_funcao_prolog, cod_pilar_prolog) VALUES (3, 110, 1);
INSERT INTO public.dashboard_componente_funcao_prolog (cod_componente, cod_funcao_prolog, cod_pilar_prolog) VALUES (4, 110, 1);
INSERT INTO public.dashboard_componente_funcao_prolog (cod_componente, cod_funcao_prolog, cod_pilar_prolog) VALUES (5, 110, 1);
INSERT INTO public.dashboard_componente_funcao_prolog (cod_componente, cod_funcao_prolog, cod_pilar_prolog) VALUES (6, 110, 1);
INSERT INTO public.dashboard_componente_funcao_prolog (cod_componente, cod_funcao_prolog, cod_pilar_prolog) VALUES (7, 110, 1);
INSERT INTO public.dashboard_componente_funcao_prolog (cod_componente, cod_funcao_prolog, cod_pilar_prolog) VALUES (8, 110, 1);
INSERT INTO public.dashboard_componente_funcao_prolog (cod_componente, cod_funcao_prolog, cod_pilar_prolog) VALUES (9, 110, 1);
INSERT INTO public.dashboard_componente_funcao_prolog (cod_componente, cod_funcao_prolog, cod_pilar_prolog) VALUES (10, 110, 1);
INSERT INTO public.dashboard_componente_funcao_prolog (cod_componente, cod_funcao_prolog, cod_pilar_prolog) VALUES (11, 26, 2);
INSERT INTO public.dashboard_componente_funcao_prolog (cod_componente, cod_funcao_prolog, cod_pilar_prolog) VALUES (12, 110, 1);
INSERT INTO public.dashboard_componente_funcao_prolog (cod_componente, cod_funcao_prolog, cod_pilar_prolog) VALUES (13, 110, 1);
INSERT INTO public.dashboard_componente_funcao_prolog (cod_componente, cod_funcao_prolog, cod_pilar_prolog) VALUES (14, 121, 1);
INSERT INTO public.dashboard_componente_funcao_prolog (cod_componente, cod_funcao_prolog, cod_pilar_prolog) VALUES (15, 121, 1);
INSERT INTO public.dashboard_componente_funcao_prolog (cod_componente, cod_funcao_prolog, cod_pilar_prolog) VALUES (16, 121, 1);
INSERT INTO public.dashboard_componente_funcao_prolog (cod_componente, cod_funcao_prolog, cod_pilar_prolog) VALUES (18, 110, 1);
INSERT INTO public.dashboard_componente_funcao_prolog (cod_componente, cod_funcao_prolog, cod_pilar_prolog) VALUES (17, 121, 1);
INSERT INTO public.dashboard_componente_funcao_prolog (cod_componente, cod_funcao_prolog, cod_pilar_prolog) VALUES (20, 26, 2);
INSERT INTO public.dashboard_componente_funcao_prolog (cod_componente, cod_funcao_prolog, cod_pilar_prolog) VALUES (19, 110, 1);



INSERT INTO public.marcacao_justificativa_ajuste (codigo, nome, cod_empresa, obriga_observacao, status_ativo, editavel, cod_colaborador_criacao, data_hora_criacao, cod_colaborador_ultima_edicao, data_hora_ultima_edicao) VALUES (1, 'ESQUECIMENTO', null, false, true, false, null, '2018-12-10 23:36:39.894782', null, null);
INSERT INTO public.marcacao_justificativa_ajuste (codigo, nome, cod_empresa, obriga_observacao, status_ativo, editavel, cod_colaborador_criacao, data_hora_criacao, cod_colaborador_ultima_edicao, data_hora_ultima_edicao) VALUES (2, 'OUTROS - ESPECIFIQUE', null, true, true, false, null, '2018-12-10 23:36:39.894782', null, null);



INSERT INTO public.permissao (codigo, permissao, descricao) VALUES (0, 'LOCAL', 'APENAS A EQUIPE DO COLABORADOR');
INSERT INTO public.permissao (codigo, permissao, descricao) VALUES (1, 'LOCAL', 'TODAS AS EQUIPES DA UNIDADE');
INSERT INTO public.permissao (codigo, permissao, descricao) VALUES (2, 'REGIONAL', 'UNIDADES E EQUIPES DE UMA REGIONAL ESPECÍFICA');
INSERT INTO public.permissao (codigo, permissao, descricao) VALUES (3, 'NACIONAL', 'TODAS AS UNIDADES/REGIONAIS/EQUIPES DA EMPRESA');


INSERT INTO public.pneu_tipo_desgaste_irregular (codigo, tipo_desgaste_irregular, descricao, aparencia_pneu, causas_provaveis, acao, precaucao, analisado_relatorio_desgastes) VALUES (1, 'DESGASTE_DIAGONAL', 'Desgaste diagonal', 'Desgastes localizados e acentuados em toda a circunferência.', 'Problemas mecânicos (desbalanceamento do conjunto, folgas nos rolamentos). Rodados duplos mal geminados e/ou pressões desiguais, desalinhamento do veículo e etc.', 'Retirar o pneu de serviço e enviar a um reformador. Importante fazer manutenção do veículo.', 'Realizar periodicamente a manutenção do veículo, sistema de freios, montagem e balanceamento dos pneus.', false);
INSERT INTO public.pneu_tipo_desgaste_irregular (codigo, tipo_desgaste_irregular, descricao, aparencia_pneu, causas_provaveis, acao, precaucao, analisado_relatorio_desgastes) VALUES (2, 'DESGASTE_ASSIMETRICO', 'Desgaste assimétrico', 'Áreas da banda de rodagem mais gastas em pontos alternados.', 'Problemas mecânicos (falhas na suspensão, desbalanceamento do conjunto, diferença de pressão entre duplos, folgas nos rolamentos e etc) agravados por rodagem sem carga e altas velocidades.', 'Retirar o pneu de serviço e enviar a um reformador. Importante fazer manutenção do veículo.', 'Realizar periodicamente a manutenção do veículo, sistema de freios, montagem e balanceamento dos pneus.', false);
INSERT INTO public.pneu_tipo_desgaste_irregular (codigo, tipo_desgaste_irregular, descricao, aparencia_pneu, causas_provaveis, acao, precaucao, analisado_relatorio_desgastes) VALUES (3, 'DESGASTE_OMBROS_BANDA_RODAGEM', 'Desgastes nos ombros da banda de rodagem', 'Ombros apresentam desgaste mais acentuado que o centro da banda de rodagem.', 'Rodagem com baixa pressão ou excesso de carga.', 'Calibrar os pneus com a pressão indicada conforme orientação do fabricante. Quando o desgaste atingir o TWI, em um dos pontos, retire os pneus para reforma ou reposição da borracha no ombro.', 'Calibrar periodicamente os pneus, sempre frios, e realizar inspeções visuais nos pneus.', true);
INSERT INTO public.pneu_tipo_desgaste_irregular (codigo, tipo_desgaste_irregular, descricao, aparencia_pneu, causas_provaveis, acao, precaucao, analisado_relatorio_desgastes) VALUES (4, 'DESGASTE_CENTRALIZADO', 'Desgaste centralizado', 'Desgaste na região central da banda de rodagem.', 'Pressão excessiva em relação à carga transportada ou equipamento de inflagem desregulado.', 'Ajustar a pressão com equipamento confiável conforme a carga. Para casos que o desgaste tenha atingido o TWI, retire para reforma.', 'Calibrar periodicamente os pneus, sempre frios, e de acordo com a orientação do fabricante.', true);
INSERT INTO public.pneu_tipo_desgaste_irregular (codigo, tipo_desgaste_irregular, descricao, aparencia_pneu, causas_provaveis, acao, precaucao, analisado_relatorio_desgastes) VALUES (5, 'DESGASTE_IRREGULAR_BLOCOS', 'Desgaste irregular nos blocos', 'Blocos desgastados irregularmente em toda a circunferência.', 'Baixa pressão, uso incorreto dos freios e desenhos inadequados.', 'Fazer rodízio para ajustar a altura dos pneus. Em casos em que o desgaste foi muito irregular, mantenha-os nas posições de uso.', 'Escolher desenhos adequados ao segmento. Calibrar os pneus conforme orientação do fabricante e sempre frios. Utilizar os freios a motor corretamente.', false);
INSERT INTO public.pneu_tipo_desgaste_irregular (codigo, tipo_desgaste_irregular, descricao, aparencia_pneu, causas_provaveis, acao, precaucao, analisado_relatorio_desgastes) VALUES (6, 'DESGASTE_ACENTUADO_UM_OMBRO_PNEU', 'Desgaste em um dos ombros do pneu', 'O pneu apresenta maior desgaste em um dos ombros, porém sem sinal de arraste.', 'Câmber do veículo incorreto, sobrecarga ou eixo empenado.', 'Realizar manutenção preventiva na suspensão do veículo.', 'Manter manutenção preventiva na suspensão do veículo.', true);
INSERT INTO public.pneu_tipo_desgaste_irregular (codigo, tipo_desgaste_irregular, descricao, aparencia_pneu, causas_provaveis, acao, precaucao, analisado_relatorio_desgastes) VALUES (7, 'DESGASTE_DEGRAUS', 'Desgaste em degraus', 'Desgaste em algumas raias dos desenhos de eixos livres.', 'Diferenças nas pressões e tamanhos dos pneus, folgas nos rolamentos, rodas inadequadas, mau assentamento dos talões. A alta velocidade sem carga agrava todos os fatores anteriores.', 'Retirar o pneu de uso e encaminhar a um reformador para reforma ou reparo. Importante realizar manutenção corretiva no veículo.', 'Realizar manutenção preventiva no veículo e nos pneus, principalmente a calibragem periódica.', false);

INSERT INTO public.pneu_nivel_desgaste_irregular_padrao_prolog (tipo_desgaste_irregular, faixa_desgaste_baixo_milimetros, faixa_desgaste_moderado_milimetros, faixa_desgaste_acentuado_milimetros) VALUES ('DESGASTE_OMBROS_BANDA_RODAGEM', '(0.0,1.0)', '[1.0,2.0)', '[2.0,)');
INSERT INTO public.pneu_nivel_desgaste_irregular_padrao_prolog (tipo_desgaste_irregular, faixa_desgaste_baixo_milimetros, faixa_desgaste_moderado_milimetros, faixa_desgaste_acentuado_milimetros) VALUES ('DESGASTE_CENTRALIZADO', '(0.0,1.0)', '[1.0,2.0)', '[2.0,)');
INSERT INTO public.pneu_nivel_desgaste_irregular_padrao_prolog (tipo_desgaste_irregular, faixa_desgaste_baixo_milimetros, faixa_desgaste_moderado_milimetros, faixa_desgaste_acentuado_milimetros) VALUES ('DESGASTE_ACENTUADO_UM_OMBRO_PNEU', '(0.0,1.0)', '[1.0,2.0)', '[2.0,)');



INSERT INTO public.pneu_posicao (posicao_pneu, descricao_posicao) VALUES (111, null);
INSERT INTO public.pneu_posicao (posicao_pneu, descricao_posicao) VALUES (211, null);
INSERT INTO public.pneu_posicao (posicao_pneu, descricao_posicao) VALUES (212, null);
INSERT INTO public.pneu_posicao (posicao_pneu, descricao_posicao) VALUES (222, null);
INSERT INTO public.pneu_posicao (posicao_pneu, descricao_posicao) VALUES (221, null);
INSERT INTO public.pneu_posicao (posicao_pneu, descricao_posicao) VALUES (311, null);
INSERT INTO public.pneu_posicao (posicao_pneu, descricao_posicao) VALUES (312, null);
INSERT INTO public.pneu_posicao (posicao_pneu, descricao_posicao) VALUES (322, null);
INSERT INTO public.pneu_posicao (posicao_pneu, descricao_posicao) VALUES (321, null);
INSERT INTO public.pneu_posicao (posicao_pneu, descricao_posicao) VALUES (121, null);
INSERT INTO public.pneu_posicao (posicao_pneu, descricao_posicao) VALUES (411, null);
INSERT INTO public.pneu_posicao (posicao_pneu, descricao_posicao) VALUES (412, null);
INSERT INTO public.pneu_posicao (posicao_pneu, descricao_posicao) VALUES (421, null);
INSERT INTO public.pneu_posicao (posicao_pneu, descricao_posicao) VALUES (422, null);
INSERT INTO public.pneu_posicao (posicao_pneu, descricao_posicao) VALUES (900, null);
INSERT INTO public.pneu_posicao (posicao_pneu, descricao_posicao) VALUES (901, null);
INSERT INTO public.pneu_posicao (posicao_pneu, descricao_posicao) VALUES (902, null);
INSERT INTO public.pneu_posicao (posicao_pneu, descricao_posicao) VALUES (903, null);
INSERT INTO public.pneu_posicao (posicao_pneu, descricao_posicao) VALUES (904, null);
INSERT INTO public.pneu_posicao (posicao_pneu, descricao_posicao) VALUES (905, null);
INSERT INTO public.pneu_posicao (posicao_pneu, descricao_posicao) VALUES (906, null);
INSERT INTO public.pneu_posicao (posicao_pneu, descricao_posicao) VALUES (907, null);
INSERT INTO public.pneu_posicao (posicao_pneu, descricao_posicao) VALUES (908, null);
INSERT INTO public.pneu_posicao (posicao_pneu, descricao_posicao) VALUES (122, null);
INSERT INTO public.pneu_posicao (posicao_pneu, descricao_posicao) VALUES (112, null);
INSERT INTO public.pneu_posicao (posicao_pneu, descricao_posicao) VALUES (511, null);
INSERT INTO public.pneu_posicao (posicao_pneu, descricao_posicao) VALUES (512, null);
INSERT INTO public.pneu_posicao (posicao_pneu, descricao_posicao) VALUES (521, null);
INSERT INTO public.pneu_posicao (posicao_pneu, descricao_posicao) VALUES (522, null);
INSERT INTO public.pneu_posicao (posicao_pneu, descricao_posicao) VALUES (611, null);
INSERT INTO public.pneu_posicao (posicao_pneu, descricao_posicao) VALUES (621, null);
INSERT INTO public.pneu_posicao (posicao_pneu, descricao_posicao) VALUES (612, null);
INSERT INTO public.pneu_posicao (posicao_pneu, descricao_posicao) VALUES (622, null);
INSERT INTO public.pneu_posicao (posicao_pneu, descricao_posicao) VALUES (711, null);
INSERT INTO public.pneu_posicao (posicao_pneu, descricao_posicao) VALUES (721, null);
INSERT INTO public.pneu_posicao (posicao_pneu, descricao_posicao) VALUES (712, null);
INSERT INTO public.pneu_posicao (posicao_pneu, descricao_posicao) VALUES (722, null);
INSERT INTO public.pneu_posicao (posicao_pneu, descricao_posicao) VALUES (811, null);
INSERT INTO public.pneu_posicao (posicao_pneu, descricao_posicao) VALUES (821, null);
INSERT INTO public.pneu_posicao (posicao_pneu, descricao_posicao) VALUES (812, null);
INSERT INTO public.pneu_posicao (posicao_pneu, descricao_posicao) VALUES (822, null);
INSERT INTO public.pneu_posicao (posicao_pneu, descricao_posicao) VALUES (113, null);
INSERT INTO public.pneu_posicao (posicao_pneu, descricao_posicao) VALUES (123, null);
INSERT INTO public.pneu_posicao (posicao_pneu, descricao_posicao) VALUES (114, null);
INSERT INTO public.pneu_posicao (posicao_pneu, descricao_posicao) VALUES (124, null);
INSERT INTO public.pneu_posicao (posicao_pneu, descricao_posicao) VALUES (213, null);
INSERT INTO public.pneu_posicao (posicao_pneu, descricao_posicao) VALUES (223, null);
INSERT INTO public.pneu_posicao (posicao_pneu, descricao_posicao) VALUES (214, null);
INSERT INTO public.pneu_posicao (posicao_pneu, descricao_posicao) VALUES (224, null);
INSERT INTO public.pneu_posicao (posicao_pneu, descricao_posicao) VALUES (313, null);
INSERT INTO public.pneu_posicao (posicao_pneu, descricao_posicao) VALUES (323, null);
INSERT INTO public.pneu_posicao (posicao_pneu, descricao_posicao) VALUES (314, null);
INSERT INTO public.pneu_posicao (posicao_pneu, descricao_posicao) VALUES (324, null);
INSERT INTO public.pneu_posicao (posicao_pneu, descricao_posicao) VALUES (413, null);
INSERT INTO public.pneu_posicao (posicao_pneu, descricao_posicao) VALUES (423, null);
INSERT INTO public.pneu_posicao (posicao_pneu, descricao_posicao) VALUES (414, null);
INSERT INTO public.pneu_posicao (posicao_pneu, descricao_posicao) VALUES (424, null);
INSERT INTO public.pneu_posicao (posicao_pneu, descricao_posicao) VALUES (513, null);
INSERT INTO public.pneu_posicao (posicao_pneu, descricao_posicao) VALUES (523, null);
INSERT INTO public.pneu_posicao (posicao_pneu, descricao_posicao) VALUES (514, null);
INSERT INTO public.pneu_posicao (posicao_pneu, descricao_posicao) VALUES (524, null);
INSERT INTO public.pneu_posicao (posicao_pneu, descricao_posicao) VALUES (613, null);
INSERT INTO public.pneu_posicao (posicao_pneu, descricao_posicao) VALUES (623, null);
INSERT INTO public.pneu_posicao (posicao_pneu, descricao_posicao) VALUES (614, null);
INSERT INTO public.pneu_posicao (posicao_pneu, descricao_posicao) VALUES (624, null);
INSERT INTO public.pneu_posicao (posicao_pneu, descricao_posicao) VALUES (713, null);
INSERT INTO public.pneu_posicao (posicao_pneu, descricao_posicao) VALUES (723, null);
INSERT INTO public.pneu_posicao (posicao_pneu, descricao_posicao) VALUES (714, null);
INSERT INTO public.pneu_posicao (posicao_pneu, descricao_posicao) VALUES (724, null);
INSERT INTO public.pneu_posicao (posicao_pneu, descricao_posicao) VALUES (813, null);
INSERT INTO public.pneu_posicao (posicao_pneu, descricao_posicao) VALUES (823, null);
INSERT INTO public.pneu_posicao (posicao_pneu, descricao_posicao) VALUES (814, null);
INSERT INTO public.pneu_posicao (posicao_pneu, descricao_posicao) VALUES (824, null);

INSERT INTO public.pneu_ordem (posicao_prolog, ordem_exibicao) VALUES (111, 1);
INSERT INTO public.pneu_ordem (posicao_prolog, ordem_exibicao) VALUES (112, 2);
INSERT INTO public.pneu_ordem (posicao_prolog, ordem_exibicao) VALUES (113, 3);
INSERT INTO public.pneu_ordem (posicao_prolog, ordem_exibicao) VALUES (114, 4);
INSERT INTO public.pneu_ordem (posicao_prolog, ordem_exibicao) VALUES (211, 5);
INSERT INTO public.pneu_ordem (posicao_prolog, ordem_exibicao) VALUES (212, 6);
INSERT INTO public.pneu_ordem (posicao_prolog, ordem_exibicao) VALUES (213, 7);
INSERT INTO public.pneu_ordem (posicao_prolog, ordem_exibicao) VALUES (214, 8);
INSERT INTO public.pneu_ordem (posicao_prolog, ordem_exibicao) VALUES (311, 9);
INSERT INTO public.pneu_ordem (posicao_prolog, ordem_exibicao) VALUES (312, 10);
INSERT INTO public.pneu_ordem (posicao_prolog, ordem_exibicao) VALUES (313, 11);
INSERT INTO public.pneu_ordem (posicao_prolog, ordem_exibicao) VALUES (314, 12);
INSERT INTO public.pneu_ordem (posicao_prolog, ordem_exibicao) VALUES (411, 13);
INSERT INTO public.pneu_ordem (posicao_prolog, ordem_exibicao) VALUES (412, 14);
INSERT INTO public.pneu_ordem (posicao_prolog, ordem_exibicao) VALUES (413, 15);
INSERT INTO public.pneu_ordem (posicao_prolog, ordem_exibicao) VALUES (414, 16);
INSERT INTO public.pneu_ordem (posicao_prolog, ordem_exibicao) VALUES (511, 17);
INSERT INTO public.pneu_ordem (posicao_prolog, ordem_exibicao) VALUES (512, 18);
INSERT INTO public.pneu_ordem (posicao_prolog, ordem_exibicao) VALUES (513, 19);
INSERT INTO public.pneu_ordem (posicao_prolog, ordem_exibicao) VALUES (514, 20);
INSERT INTO public.pneu_ordem (posicao_prolog, ordem_exibicao) VALUES (611, 21);
INSERT INTO public.pneu_ordem (posicao_prolog, ordem_exibicao) VALUES (612, 22);
INSERT INTO public.pneu_ordem (posicao_prolog, ordem_exibicao) VALUES (613, 23);
INSERT INTO public.pneu_ordem (posicao_prolog, ordem_exibicao) VALUES (614, 24);
INSERT INTO public.pneu_ordem (posicao_prolog, ordem_exibicao) VALUES (711, 25);
INSERT INTO public.pneu_ordem (posicao_prolog, ordem_exibicao) VALUES (712, 26);
INSERT INTO public.pneu_ordem (posicao_prolog, ordem_exibicao) VALUES (713, 27);
INSERT INTO public.pneu_ordem (posicao_prolog, ordem_exibicao) VALUES (714, 28);
INSERT INTO public.pneu_ordem (posicao_prolog, ordem_exibicao) VALUES (811, 29);
INSERT INTO public.pneu_ordem (posicao_prolog, ordem_exibicao) VALUES (812, 30);
INSERT INTO public.pneu_ordem (posicao_prolog, ordem_exibicao) VALUES (813, 31);
INSERT INTO public.pneu_ordem (posicao_prolog, ordem_exibicao) VALUES (814, 32);
INSERT INTO public.pneu_ordem (posicao_prolog, ordem_exibicao) VALUES (821, 33);
INSERT INTO public.pneu_ordem (posicao_prolog, ordem_exibicao) VALUES (822, 34);
INSERT INTO public.pneu_ordem (posicao_prolog, ordem_exibicao) VALUES (823, 35);
INSERT INTO public.pneu_ordem (posicao_prolog, ordem_exibicao) VALUES (824, 36);
INSERT INTO public.pneu_ordem (posicao_prolog, ordem_exibicao) VALUES (721, 37);
INSERT INTO public.pneu_ordem (posicao_prolog, ordem_exibicao) VALUES (722, 38);
INSERT INTO public.pneu_ordem (posicao_prolog, ordem_exibicao) VALUES (723, 39);
INSERT INTO public.pneu_ordem (posicao_prolog, ordem_exibicao) VALUES (724, 40);
INSERT INTO public.pneu_ordem (posicao_prolog, ordem_exibicao) VALUES (621, 41);
INSERT INTO public.pneu_ordem (posicao_prolog, ordem_exibicao) VALUES (622, 42);
INSERT INTO public.pneu_ordem (posicao_prolog, ordem_exibicao) VALUES (623, 43);
INSERT INTO public.pneu_ordem (posicao_prolog, ordem_exibicao) VALUES (624, 44);
INSERT INTO public.pneu_ordem (posicao_prolog, ordem_exibicao) VALUES (521, 45);
INSERT INTO public.pneu_ordem (posicao_prolog, ordem_exibicao) VALUES (522, 46);
INSERT INTO public.pneu_ordem (posicao_prolog, ordem_exibicao) VALUES (523, 47);
INSERT INTO public.pneu_ordem (posicao_prolog, ordem_exibicao) VALUES (524, 48);
INSERT INTO public.pneu_ordem (posicao_prolog, ordem_exibicao) VALUES (421, 49);
INSERT INTO public.pneu_ordem (posicao_prolog, ordem_exibicao) VALUES (422, 50);
INSERT INTO public.pneu_ordem (posicao_prolog, ordem_exibicao) VALUES (423, 51);
INSERT INTO public.pneu_ordem (posicao_prolog, ordem_exibicao) VALUES (424, 52);
INSERT INTO public.pneu_ordem (posicao_prolog, ordem_exibicao) VALUES (321, 53);
INSERT INTO public.pneu_ordem (posicao_prolog, ordem_exibicao) VALUES (322, 54);
INSERT INTO public.pneu_ordem (posicao_prolog, ordem_exibicao) VALUES (323, 55);
INSERT INTO public.pneu_ordem (posicao_prolog, ordem_exibicao) VALUES (324, 56);
INSERT INTO public.pneu_ordem (posicao_prolog, ordem_exibicao) VALUES (221, 57);
INSERT INTO public.pneu_ordem (posicao_prolog, ordem_exibicao) VALUES (222, 58);
INSERT INTO public.pneu_ordem (posicao_prolog, ordem_exibicao) VALUES (223, 59);
INSERT INTO public.pneu_ordem (posicao_prolog, ordem_exibicao) VALUES (224, 60);
INSERT INTO public.pneu_ordem (posicao_prolog, ordem_exibicao) VALUES (121, 61);
INSERT INTO public.pneu_ordem (posicao_prolog, ordem_exibicao) VALUES (122, 62);
INSERT INTO public.pneu_ordem (posicao_prolog, ordem_exibicao) VALUES (123, 63);
INSERT INTO public.pneu_ordem (posicao_prolog, ordem_exibicao) VALUES (124, 64);
INSERT INTO public.pneu_ordem (posicao_prolog, ordem_exibicao) VALUES (900, 90);
INSERT INTO public.pneu_ordem (posicao_prolog, ordem_exibicao) VALUES (901, 91);
INSERT INTO public.pneu_ordem (posicao_prolog, ordem_exibicao) VALUES (902, 92);
INSERT INTO public.pneu_ordem (posicao_prolog, ordem_exibicao) VALUES (903, 93);
INSERT INTO public.pneu_ordem (posicao_prolog, ordem_exibicao) VALUES (904, 94);
INSERT INTO public.pneu_ordem (posicao_prolog, ordem_exibicao) VALUES (905, 95);
INSERT INTO public.pneu_ordem (posicao_prolog, ordem_exibicao) VALUES (906, 96);
INSERT INTO public.pneu_ordem (posicao_prolog, ordem_exibicao) VALUES (907, 97);
INSERT INTO public.pneu_ordem (posicao_prolog, ordem_exibicao) VALUES (908, 98);



INSERT INTO public.pneu_tipo_servico (codigo, cod_empresa, nome, incrementa_vida, status_ativo, editavel, utilizado_cadastro_pneu, cod_colaborador_criacao, data_hora_criacao, cod_colaborador_edicao, data_hora_edicao)
VALUES (1, null, 'CADASTRO PNEU (acima primeira vida)', true, true, false, true, null, '2018-07-15 01:07:05.369615', null, null);
SELECT setval('pneu_tipo_servico_codigo_seq', 1, true);


INSERT INTO public.pneu_vida_nomenclatura (cod_vida, nome) VALUES (1, 'Primeira Vida');
INSERT INTO public.pneu_vida_nomenclatura (cod_vida, nome) VALUES (2, '2ª Vida (1ª Recapagem)');
INSERT INTO public.pneu_vida_nomenclatura (cod_vida, nome) VALUES (3, '3ª Vida (2ª Recapagem)');
INSERT INTO public.pneu_vida_nomenclatura (cod_vida, nome) VALUES (4, '4ª Vida (3ª Recapagem)');
INSERT INTO public.pneu_vida_nomenclatura (cod_vida, nome) VALUES (5, '5ª Vida (4ª Recapagem)');
INSERT INTO public.pneu_vida_nomenclatura (cod_vida, nome) VALUES (6, '6ª Vida (5ª Recapagem)');
INSERT INTO public.pneu_vida_nomenclatura (cod_vida, nome) VALUES (7, '7ª Vida (6ª Recapagem)');
INSERT INTO public.pneu_vida_nomenclatura (cod_vida, nome) VALUES (8, '8ª Vida (7ª Recapagem)');
INSERT INTO public.pneu_vida_nomenclatura (cod_vida, nome) VALUES (9, '9ª Vida (8ª Recapagem)');


INSERT INTO public.prolog_sql_error_code (codigo, sql_error_code, prolog_error_code, descricao) VALUES (1, 'SA1A1', 'GENERIC_ERROR', 'Erro genérico que pode ser lançado através do SQL');


INSERT INTO public.veiculo_diagrama (codigo, nome, url_imagem) VALUES (1, 'TOCO', 'WWW.GOOGLE.COM/TOCO');
INSERT INTO public.veiculo_diagrama (codigo, nome, url_imagem) VALUES (2, 'TRUCK', 'WWWW.GOOGLE.COM/TRUCK');
INSERT INTO public.veiculo_diagrama (codigo, nome, url_imagem) VALUES (9, 'CARRETA 4 EIXOS', 'WWW.GOOGLE.COM/CARRETA4');
INSERT INTO public.veiculo_diagrama (codigo, nome, url_imagem) VALUES (10, 'TRUCK ELÉTRICO', 'WWW.GOOGLE.COM/TRUCK-ELETRICO');
INSERT INTO public.veiculo_diagrama (codigo, nome, url_imagem) VALUES (12, 'MOTO', 'WWW.GOOGLE.COM/MOTO');
INSERT INTO public.veiculo_diagrama (codigo, nome, url_imagem) VALUES (13, 'TRICICLO INVERTIDO', 'WWW.GOOGLE.COM/TRICICLO-INVERTIDO');
INSERT INTO public.veiculo_diagrama (codigo, nome, url_imagem) VALUES (4, 'BI-TRUCK', 'WWW.GOOGLE.COM/BI-TRUCK');
INSERT INTO public.veiculo_diagrama (codigo, nome, url_imagem) VALUES (3, 'CARRETA 3 EIXOS', 'WWW.GOOGLE.COM/CARRETA');
INSERT INTO public.veiculo_diagrama (codigo, nome, url_imagem) VALUES (5, 'CARRETA 2 EIXOS', 'WWW.GOOGLE.COM/CARRETA14');
INSERT INTO public.veiculo_diagrama (codigo, nome, url_imagem) VALUES (14, 'BIARTICULADO', 'WWW.GOOGLE.COM/BIARTICULADO');
INSERT INTO public.veiculo_diagrama (codigo, nome, url_imagem) VALUES (15, 'CARRETA 1 EIXO SINGLE', 'WWW.GOOGLE.COM/CARRETA1');
INSERT INTO public.veiculo_diagrama (codigo, nome, url_imagem) VALUES (6, 'EMPILHADEIRA - 2 PNEUS DIANTEIROS', 'WWW.GOOGLE.COM/EMPILHADEIRA');
INSERT INTO public.veiculo_diagrama (codigo, nome, url_imagem) VALUES (7, 'EMPILHADEIRA - 4 PNEUS DIANTEIROS', 'WWW.GOOGLE.COM/EMPILHADEIRA');
INSERT INTO public.veiculo_diagrama (codigo, nome, url_imagem) VALUES (8, 'FROTA LEVE', 'WWW.GOOGLE.COM/LEVE');
INSERT INTO public.veiculo_diagrama (codigo, nome, url_imagem) VALUES (16, 'SUPERARTICULADO', 'WWW.GOOGLE.COM/SUPERARTICULADO');
INSERT INTO public.veiculo_diagrama (codigo, nome, url_imagem) VALUES (11, 'CARRETA 2 EIXOS SINGLES', 'WWW.GOOGLE.COM/CARRETA-SINGLE');
INSERT INTO public.veiculo_diagrama (codigo, nome, url_imagem) VALUES (17, 'CARRETA 1 EIXO', 'WWW.GOOGLE.COM/CARRETA');
INSERT INTO public.veiculo_diagrama (codigo, nome, url_imagem) VALUES (18, 'CARRETA 3 EIXOS SINGLE', 'WWW.GOOGLE.COM/CARRETA-SINGLE');
INSERT INTO public.veiculo_diagrama (codigo, nome, url_imagem) VALUES (19, 'BI-TRUCK EIXO SINGLE', 'WWW.GOOGLE.COM/BI-TRUCK');
INSERT INTO public.veiculo_diagrama (codigo, nome, url_imagem) VALUES (20, 'PRANCHA 6 EIXOS', 'WWW.GOOGLE.COM/PRANCHA-6EIXOS');
INSERT INTO public.veiculo_diagrama (codigo, nome, url_imagem) VALUES (21, 'PRANCHA 8 EIXOS', 'WWW.GOOGLE.COM/PRANCHA-8EIXOS');
INSERT INTO public.veiculo_diagrama (codigo, nome, url_imagem) VALUES (22, 'PRANCHA 4 EIXOS', 'WWW.GOOGLE.COM/PRANCHA-4EIXOS');

INSERT INTO public.veiculo_diagrama_eixos (cod_diagrama, tipo_eixo, posicao, qt_pneus, eixo_direcional) VALUES (9, 'T', 1, 4, false);
INSERT INTO public.veiculo_diagrama_eixos (cod_diagrama, tipo_eixo, posicao, qt_pneus, eixo_direcional) VALUES (9, 'T', 2, 4, false);
INSERT INTO public.veiculo_diagrama_eixos (cod_diagrama, tipo_eixo, posicao, qt_pneus, eixo_direcional) VALUES (9, 'T', 3, 4, false);
INSERT INTO public.veiculo_diagrama_eixos (cod_diagrama, tipo_eixo, posicao, qt_pneus, eixo_direcional) VALUES (9, 'T', 4, 4, false);
INSERT INTO public.veiculo_diagrama_eixos (cod_diagrama, tipo_eixo, posicao, qt_pneus, eixo_direcional) VALUES (1, 'D', 1, 2, true);
INSERT INTO public.veiculo_diagrama_eixos (cod_diagrama, tipo_eixo, posicao, qt_pneus, eixo_direcional) VALUES (1, 'T', 2, 4, false);
INSERT INTO public.veiculo_diagrama_eixos (cod_diagrama, tipo_eixo, posicao, qt_pneus, eixo_direcional) VALUES (2, 'D', 1, 2, true);
INSERT INTO public.veiculo_diagrama_eixos (cod_diagrama, tipo_eixo, posicao, qt_pneus, eixo_direcional) VALUES (2, 'T', 2, 4, false);
INSERT INTO public.veiculo_diagrama_eixos (cod_diagrama, tipo_eixo, posicao, qt_pneus, eixo_direcional) VALUES (2, 'T', 3, 4, false);
INSERT INTO public.veiculo_diagrama_eixos (cod_diagrama, tipo_eixo, posicao, qt_pneus, eixo_direcional) VALUES (3, 'T', 1, 4, false);
INSERT INTO public.veiculo_diagrama_eixos (cod_diagrama, tipo_eixo, posicao, qt_pneus, eixo_direcional) VALUES (3, 'T', 2, 4, false);
INSERT INTO public.veiculo_diagrama_eixos (cod_diagrama, tipo_eixo, posicao, qt_pneus, eixo_direcional) VALUES (3, 'T', 3, 4, false);
INSERT INTO public.veiculo_diagrama_eixos (cod_diagrama, tipo_eixo, posicao, qt_pneus, eixo_direcional) VALUES (4, 'D', 1, 2, true);
INSERT INTO public.veiculo_diagrama_eixos (cod_diagrama, tipo_eixo, posicao, qt_pneus, eixo_direcional) VALUES (4, 'D', 2, 2, true);
INSERT INTO public.veiculo_diagrama_eixos (cod_diagrama, tipo_eixo, posicao, qt_pneus, eixo_direcional) VALUES (4, 'T', 3, 4, false);
INSERT INTO public.veiculo_diagrama_eixos (cod_diagrama, tipo_eixo, posicao, qt_pneus, eixo_direcional) VALUES (4, 'T', 4, 4, false);
INSERT INTO public.veiculo_diagrama_eixos (cod_diagrama, tipo_eixo, posicao, qt_pneus, eixo_direcional) VALUES (5, 'T', 1, 4, false);
INSERT INTO public.veiculo_diagrama_eixos (cod_diagrama, tipo_eixo, posicao, qt_pneus, eixo_direcional) VALUES (5, 'T', 2, 4, false);
INSERT INTO public.veiculo_diagrama_eixos (cod_diagrama, tipo_eixo, posicao, qt_pneus, eixo_direcional) VALUES (10, 'D', 1, 2, true);
INSERT INTO public.veiculo_diagrama_eixos (cod_diagrama, tipo_eixo, posicao, qt_pneus, eixo_direcional) VALUES (10, 'T', 2, 4, false);
INSERT INTO public.veiculo_diagrama_eixos (cod_diagrama, tipo_eixo, posicao, qt_pneus, eixo_direcional) VALUES (10, 'T', 3, 2, false);
INSERT INTO public.veiculo_diagrama_eixos (cod_diagrama, tipo_eixo, posicao, qt_pneus, eixo_direcional) VALUES (11, 'T', 1, 2, false);
INSERT INTO public.veiculo_diagrama_eixos (cod_diagrama, tipo_eixo, posicao, qt_pneus, eixo_direcional) VALUES (11, 'T', 2, 2, false);
INSERT INTO public.veiculo_diagrama_eixos (cod_diagrama, tipo_eixo, posicao, qt_pneus, eixo_direcional) VALUES (12, 'D', 1, 1, true);
INSERT INTO public.veiculo_diagrama_eixos (cod_diagrama, tipo_eixo, posicao, qt_pneus, eixo_direcional) VALUES (12, 'T', 2, 1, false);
INSERT INTO public.veiculo_diagrama_eixos (cod_diagrama, tipo_eixo, posicao, qt_pneus, eixo_direcional) VALUES (13, 'D', 1, 2, false);
INSERT INTO public.veiculo_diagrama_eixos (cod_diagrama, tipo_eixo, posicao, qt_pneus, eixo_direcional) VALUES (13, 'T', 2, 1, true);
INSERT INTO public.veiculo_diagrama_eixos (cod_diagrama, tipo_eixo, posicao, qt_pneus, eixo_direcional) VALUES (14, 'D', 1, 2, true);
INSERT INTO public.veiculo_diagrama_eixos (cod_diagrama, tipo_eixo, posicao, qt_pneus, eixo_direcional) VALUES (6, 'T', 2, 2, true);
INSERT INTO public.veiculo_diagrama_eixos (cod_diagrama, tipo_eixo, posicao, qt_pneus, eixo_direcional) VALUES (6, 'D', 1, 2, false);
INSERT INTO public.veiculo_diagrama_eixos (cod_diagrama, tipo_eixo, posicao, qt_pneus, eixo_direcional) VALUES (14, 'T', 2, 4, false);
INSERT INTO public.veiculo_diagrama_eixos (cod_diagrama, tipo_eixo, posicao, qt_pneus, eixo_direcional) VALUES (14, 'T', 3, 4, false);
INSERT INTO public.veiculo_diagrama_eixos (cod_diagrama, tipo_eixo, posicao, qt_pneus, eixo_direcional) VALUES (14, 'T', 4, 4, false);
INSERT INTO public.veiculo_diagrama_eixos (cod_diagrama, tipo_eixo, posicao, qt_pneus, eixo_direcional) VALUES (15, 'T', 1, 2, false);
INSERT INTO public.veiculo_diagrama_eixos (cod_diagrama, tipo_eixo, posicao, qt_pneus, eixo_direcional) VALUES (7, 'T', 2, 2, true);
INSERT INTO public.veiculo_diagrama_eixos (cod_diagrama, tipo_eixo, posicao, qt_pneus, eixo_direcional) VALUES (7, 'D', 1, 4, false);
INSERT INTO public.veiculo_diagrama_eixos (cod_diagrama, tipo_eixo, posicao, qt_pneus, eixo_direcional) VALUES (16, 'D', 1, 2, true);
INSERT INTO public.veiculo_diagrama_eixos (cod_diagrama, tipo_eixo, posicao, qt_pneus, eixo_direcional) VALUES (8, 'D', 1, 2, true);
INSERT INTO public.veiculo_diagrama_eixos (cod_diagrama, tipo_eixo, posicao, qt_pneus, eixo_direcional) VALUES (8, 'T', 2, 2, false);
INSERT INTO public.veiculo_diagrama_eixos (cod_diagrama, tipo_eixo, posicao, qt_pneus, eixo_direcional) VALUES (16, 'T', 2, 4, false);
INSERT INTO public.veiculo_diagrama_eixos (cod_diagrama, tipo_eixo, posicao, qt_pneus, eixo_direcional) VALUES (16, 'T', 3, 4, false);
INSERT INTO public.veiculo_diagrama_eixos (cod_diagrama, tipo_eixo, posicao, qt_pneus, eixo_direcional) VALUES (16, 'T', 4, 2, false);
INSERT INTO public.veiculo_diagrama_eixos (cod_diagrama, tipo_eixo, posicao, qt_pneus, eixo_direcional) VALUES (17, 'T', 1, 4, false);
INSERT INTO public.veiculo_diagrama_eixos (cod_diagrama, tipo_eixo, posicao, qt_pneus, eixo_direcional) VALUES (18, 'T', 1, 2, false);
INSERT INTO public.veiculo_diagrama_eixos (cod_diagrama, tipo_eixo, posicao, qt_pneus, eixo_direcional) VALUES (18, 'T', 2, 2, false);
INSERT INTO public.veiculo_diagrama_eixos (cod_diagrama, tipo_eixo, posicao, qt_pneus, eixo_direcional) VALUES (18, 'T', 3, 2, false);
INSERT INTO public.veiculo_diagrama_eixos (cod_diagrama, tipo_eixo, posicao, qt_pneus, eixo_direcional) VALUES (19, 'D', 1, 2, true);
INSERT INTO public.veiculo_diagrama_eixos (cod_diagrama, tipo_eixo, posicao, qt_pneus, eixo_direcional) VALUES (19, 'D', 2, 2, true);
INSERT INTO public.veiculo_diagrama_eixos (cod_diagrama, tipo_eixo, posicao, qt_pneus, eixo_direcional) VALUES (19, 'T', 3, 4, false);
INSERT INTO public.veiculo_diagrama_eixos (cod_diagrama, tipo_eixo, posicao, qt_pneus, eixo_direcional) VALUES (19, 'T', 4, 2, false);
INSERT INTO public.veiculo_diagrama_eixos (cod_diagrama, tipo_eixo, posicao, qt_pneus, eixo_direcional) VALUES (20, 'T', 1, 4, false);
INSERT INTO public.veiculo_diagrama_eixos (cod_diagrama, tipo_eixo, posicao, qt_pneus, eixo_direcional) VALUES (20, 'T', 2, 4, false);
INSERT INTO public.veiculo_diagrama_eixos (cod_diagrama, tipo_eixo, posicao, qt_pneus, eixo_direcional) VALUES (20, 'T', 3, 4, false);
INSERT INTO public.veiculo_diagrama_eixos (cod_diagrama, tipo_eixo, posicao, qt_pneus, eixo_direcional) VALUES (20, 'T', 4, 4, false);
INSERT INTO public.veiculo_diagrama_eixos (cod_diagrama, tipo_eixo, posicao, qt_pneus, eixo_direcional) VALUES (20, 'T', 5, 4, false);
INSERT INTO public.veiculo_diagrama_eixos (cod_diagrama, tipo_eixo, posicao, qt_pneus, eixo_direcional) VALUES (20, 'T', 6, 4, false);
INSERT INTO public.veiculo_diagrama_eixos (cod_diagrama, tipo_eixo, posicao, qt_pneus, eixo_direcional) VALUES (21, 'T', 1, 4, false);
INSERT INTO public.veiculo_diagrama_eixos (cod_diagrama, tipo_eixo, posicao, qt_pneus, eixo_direcional) VALUES (21, 'T', 2, 4, false);
INSERT INTO public.veiculo_diagrama_eixos (cod_diagrama, tipo_eixo, posicao, qt_pneus, eixo_direcional) VALUES (21, 'T', 3, 4, false);
INSERT INTO public.veiculo_diagrama_eixos (cod_diagrama, tipo_eixo, posicao, qt_pneus, eixo_direcional) VALUES (21, 'T', 4, 4, false);
INSERT INTO public.veiculo_diagrama_eixos (cod_diagrama, tipo_eixo, posicao, qt_pneus, eixo_direcional) VALUES (21, 'T', 5, 4, false);
INSERT INTO public.veiculo_diagrama_eixos (cod_diagrama, tipo_eixo, posicao, qt_pneus, eixo_direcional) VALUES (21, 'T', 6, 4, false);
INSERT INTO public.veiculo_diagrama_eixos (cod_diagrama, tipo_eixo, posicao, qt_pneus, eixo_direcional) VALUES (21, 'T', 7, 4, false);
INSERT INTO public.veiculo_diagrama_eixos (cod_diagrama, tipo_eixo, posicao, qt_pneus, eixo_direcional) VALUES (21, 'T', 8, 4, false);
INSERT INTO public.veiculo_diagrama_eixos (cod_diagrama, tipo_eixo, posicao, qt_pneus, eixo_direcional) VALUES (22, 'T', 1, 8, false);
INSERT INTO public.veiculo_diagrama_eixos (cod_diagrama, tipo_eixo, posicao, qt_pneus, eixo_direcional) VALUES (22, 'T', 2, 8, false);
INSERT INTO public.veiculo_diagrama_eixos (cod_diagrama, tipo_eixo, posicao, qt_pneus, eixo_direcional) VALUES (22, 'T', 3, 8, false);
INSERT INTO public.veiculo_diagrama_eixos (cod_diagrama, tipo_eixo, posicao, qt_pneus, eixo_direcional) VALUES (22, 'T', 4, 8, false);

INSERT INTO public.veiculo_diagrama_posicao_prolog (cod_diagrama, posicao_prolog) VALUES (1, 111);
INSERT INTO public.veiculo_diagrama_posicao_prolog (cod_diagrama, posicao_prolog) VALUES (1, 121);
INSERT INTO public.veiculo_diagrama_posicao_prolog (cod_diagrama, posicao_prolog) VALUES (1, 211);
INSERT INTO public.veiculo_diagrama_posicao_prolog (cod_diagrama, posicao_prolog) VALUES (1, 212);
INSERT INTO public.veiculo_diagrama_posicao_prolog (cod_diagrama, posicao_prolog) VALUES (1, 221);
INSERT INTO public.veiculo_diagrama_posicao_prolog (cod_diagrama, posicao_prolog) VALUES (1, 222);
INSERT INTO public.veiculo_diagrama_posicao_prolog (cod_diagrama, posicao_prolog) VALUES (1, 900);
INSERT INTO public.veiculo_diagrama_posicao_prolog (cod_diagrama, posicao_prolog) VALUES (1, 901);
INSERT INTO public.veiculo_diagrama_posicao_prolog (cod_diagrama, posicao_prolog) VALUES (1, 902);
INSERT INTO public.veiculo_diagrama_posicao_prolog (cod_diagrama, posicao_prolog) VALUES (1, 903);
INSERT INTO public.veiculo_diagrama_posicao_prolog (cod_diagrama, posicao_prolog) VALUES (1, 904);
INSERT INTO public.veiculo_diagrama_posicao_prolog (cod_diagrama, posicao_prolog) VALUES (1, 905);
INSERT INTO public.veiculo_diagrama_posicao_prolog (cod_diagrama, posicao_prolog) VALUES (1, 906);
INSERT INTO public.veiculo_diagrama_posicao_prolog (cod_diagrama, posicao_prolog) VALUES (1, 907);
INSERT INTO public.veiculo_diagrama_posicao_prolog (cod_diagrama, posicao_prolog) VALUES (1, 908);
INSERT INTO public.veiculo_diagrama_posicao_prolog (cod_diagrama, posicao_prolog) VALUES (2, 111);
INSERT INTO public.veiculo_diagrama_posicao_prolog (cod_diagrama, posicao_prolog) VALUES (2, 121);
INSERT INTO public.veiculo_diagrama_posicao_prolog (cod_diagrama, posicao_prolog) VALUES (2, 211);
INSERT INTO public.veiculo_diagrama_posicao_prolog (cod_diagrama, posicao_prolog) VALUES (2, 212);
INSERT INTO public.veiculo_diagrama_posicao_prolog (cod_diagrama, posicao_prolog) VALUES (2, 221);
INSERT INTO public.veiculo_diagrama_posicao_prolog (cod_diagrama, posicao_prolog) VALUES (2, 222);
INSERT INTO public.veiculo_diagrama_posicao_prolog (cod_diagrama, posicao_prolog) VALUES (2, 311);
INSERT INTO public.veiculo_diagrama_posicao_prolog (cod_diagrama, posicao_prolog) VALUES (2, 312);
INSERT INTO public.veiculo_diagrama_posicao_prolog (cod_diagrama, posicao_prolog) VALUES (2, 321);
INSERT INTO public.veiculo_diagrama_posicao_prolog (cod_diagrama, posicao_prolog) VALUES (2, 322);
INSERT INTO public.veiculo_diagrama_posicao_prolog (cod_diagrama, posicao_prolog) VALUES (2, 900);
INSERT INTO public.veiculo_diagrama_posicao_prolog (cod_diagrama, posicao_prolog) VALUES (2, 901);
INSERT INTO public.veiculo_diagrama_posicao_prolog (cod_diagrama, posicao_prolog) VALUES (2, 902);
INSERT INTO public.veiculo_diagrama_posicao_prolog (cod_diagrama, posicao_prolog) VALUES (2, 903);
INSERT INTO public.veiculo_diagrama_posicao_prolog (cod_diagrama, posicao_prolog) VALUES (2, 904);
INSERT INTO public.veiculo_diagrama_posicao_prolog (cod_diagrama, posicao_prolog) VALUES (2, 905);
INSERT INTO public.veiculo_diagrama_posicao_prolog (cod_diagrama, posicao_prolog) VALUES (2, 906);
INSERT INTO public.veiculo_diagrama_posicao_prolog (cod_diagrama, posicao_prolog) VALUES (2, 907);
INSERT INTO public.veiculo_diagrama_posicao_prolog (cod_diagrama, posicao_prolog) VALUES (2, 908);
INSERT INTO public.veiculo_diagrama_posicao_prolog (cod_diagrama, posicao_prolog) VALUES (3, 211);
INSERT INTO public.veiculo_diagrama_posicao_prolog (cod_diagrama, posicao_prolog) VALUES (3, 212);
INSERT INTO public.veiculo_diagrama_posicao_prolog (cod_diagrama, posicao_prolog) VALUES (3, 221);
INSERT INTO public.veiculo_diagrama_posicao_prolog (cod_diagrama, posicao_prolog) VALUES (3, 222);
INSERT INTO public.veiculo_diagrama_posicao_prolog (cod_diagrama, posicao_prolog) VALUES (3, 311);
INSERT INTO public.veiculo_diagrama_posicao_prolog (cod_diagrama, posicao_prolog) VALUES (3, 312);
INSERT INTO public.veiculo_diagrama_posicao_prolog (cod_diagrama, posicao_prolog) VALUES (3, 321);
INSERT INTO public.veiculo_diagrama_posicao_prolog (cod_diagrama, posicao_prolog) VALUES (3, 322);
INSERT INTO public.veiculo_diagrama_posicao_prolog (cod_diagrama, posicao_prolog) VALUES (3, 411);
INSERT INTO public.veiculo_diagrama_posicao_prolog (cod_diagrama, posicao_prolog) VALUES (3, 412);
INSERT INTO public.veiculo_diagrama_posicao_prolog (cod_diagrama, posicao_prolog) VALUES (3, 421);
INSERT INTO public.veiculo_diagrama_posicao_prolog (cod_diagrama, posicao_prolog) VALUES (3, 422);
INSERT INTO public.veiculo_diagrama_posicao_prolog (cod_diagrama, posicao_prolog) VALUES (3, 900);
INSERT INTO public.veiculo_diagrama_posicao_prolog (cod_diagrama, posicao_prolog) VALUES (3, 901);
INSERT INTO public.veiculo_diagrama_posicao_prolog (cod_diagrama, posicao_prolog) VALUES (3, 902);
INSERT INTO public.veiculo_diagrama_posicao_prolog (cod_diagrama, posicao_prolog) VALUES (3, 903);
INSERT INTO public.veiculo_diagrama_posicao_prolog (cod_diagrama, posicao_prolog) VALUES (3, 904);
INSERT INTO public.veiculo_diagrama_posicao_prolog (cod_diagrama, posicao_prolog) VALUES (3, 905);
INSERT INTO public.veiculo_diagrama_posicao_prolog (cod_diagrama, posicao_prolog) VALUES (3, 906);
INSERT INTO public.veiculo_diagrama_posicao_prolog (cod_diagrama, posicao_prolog) VALUES (3, 907);
INSERT INTO public.veiculo_diagrama_posicao_prolog (cod_diagrama, posicao_prolog) VALUES (3, 908);
INSERT INTO public.veiculo_diagrama_posicao_prolog (cod_diagrama, posicao_prolog) VALUES (4, 111);
INSERT INTO public.veiculo_diagrama_posicao_prolog (cod_diagrama, posicao_prolog) VALUES (4, 121);
INSERT INTO public.veiculo_diagrama_posicao_prolog (cod_diagrama, posicao_prolog) VALUES (4, 211);
INSERT INTO public.veiculo_diagrama_posicao_prolog (cod_diagrama, posicao_prolog) VALUES (4, 221);
INSERT INTO public.veiculo_diagrama_posicao_prolog (cod_diagrama, posicao_prolog) VALUES (4, 311);
INSERT INTO public.veiculo_diagrama_posicao_prolog (cod_diagrama, posicao_prolog) VALUES (4, 312);
INSERT INTO public.veiculo_diagrama_posicao_prolog (cod_diagrama, posicao_prolog) VALUES (4, 321);
INSERT INTO public.veiculo_diagrama_posicao_prolog (cod_diagrama, posicao_prolog) VALUES (4, 322);
INSERT INTO public.veiculo_diagrama_posicao_prolog (cod_diagrama, posicao_prolog) VALUES (4, 411);
INSERT INTO public.veiculo_diagrama_posicao_prolog (cod_diagrama, posicao_prolog) VALUES (4, 412);
INSERT INTO public.veiculo_diagrama_posicao_prolog (cod_diagrama, posicao_prolog) VALUES (4, 421);
INSERT INTO public.veiculo_diagrama_posicao_prolog (cod_diagrama, posicao_prolog) VALUES (4, 422);
INSERT INTO public.veiculo_diagrama_posicao_prolog (cod_diagrama, posicao_prolog) VALUES (4, 900);
INSERT INTO public.veiculo_diagrama_posicao_prolog (cod_diagrama, posicao_prolog) VALUES (4, 901);
INSERT INTO public.veiculo_diagrama_posicao_prolog (cod_diagrama, posicao_prolog) VALUES (4, 902);
INSERT INTO public.veiculo_diagrama_posicao_prolog (cod_diagrama, posicao_prolog) VALUES (4, 903);
INSERT INTO public.veiculo_diagrama_posicao_prolog (cod_diagrama, posicao_prolog) VALUES (4, 904);
INSERT INTO public.veiculo_diagrama_posicao_prolog (cod_diagrama, posicao_prolog) VALUES (4, 905);
INSERT INTO public.veiculo_diagrama_posicao_prolog (cod_diagrama, posicao_prolog) VALUES (4, 906);
INSERT INTO public.veiculo_diagrama_posicao_prolog (cod_diagrama, posicao_prolog) VALUES (4, 907);
INSERT INTO public.veiculo_diagrama_posicao_prolog (cod_diagrama, posicao_prolog) VALUES (4, 908);
INSERT INTO public.veiculo_diagrama_posicao_prolog (cod_diagrama, posicao_prolog) VALUES (5, 211);
INSERT INTO public.veiculo_diagrama_posicao_prolog (cod_diagrama, posicao_prolog) VALUES (5, 212);
INSERT INTO public.veiculo_diagrama_posicao_prolog (cod_diagrama, posicao_prolog) VALUES (5, 222);
INSERT INTO public.veiculo_diagrama_posicao_prolog (cod_diagrama, posicao_prolog) VALUES (5, 221);
INSERT INTO public.veiculo_diagrama_posicao_prolog (cod_diagrama, posicao_prolog) VALUES (5, 311);
INSERT INTO public.veiculo_diagrama_posicao_prolog (cod_diagrama, posicao_prolog) VALUES (5, 312);
INSERT INTO public.veiculo_diagrama_posicao_prolog (cod_diagrama, posicao_prolog) VALUES (5, 322);
INSERT INTO public.veiculo_diagrama_posicao_prolog (cod_diagrama, posicao_prolog) VALUES (5, 321);
INSERT INTO public.veiculo_diagrama_posicao_prolog (cod_diagrama, posicao_prolog) VALUES (5, 900);
INSERT INTO public.veiculo_diagrama_posicao_prolog (cod_diagrama, posicao_prolog) VALUES (5, 901);
INSERT INTO public.veiculo_diagrama_posicao_prolog (cod_diagrama, posicao_prolog) VALUES (5, 902);
INSERT INTO public.veiculo_diagrama_posicao_prolog (cod_diagrama, posicao_prolog) VALUES (5, 903);
INSERT INTO public.veiculo_diagrama_posicao_prolog (cod_diagrama, posicao_prolog) VALUES (5, 904);
INSERT INTO public.veiculo_diagrama_posicao_prolog (cod_diagrama, posicao_prolog) VALUES (5, 905);
INSERT INTO public.veiculo_diagrama_posicao_prolog (cod_diagrama, posicao_prolog) VALUES (5, 906);
INSERT INTO public.veiculo_diagrama_posicao_prolog (cod_diagrama, posicao_prolog) VALUES (5, 907);
INSERT INTO public.veiculo_diagrama_posicao_prolog (cod_diagrama, posicao_prolog) VALUES (5, 908);
INSERT INTO public.veiculo_diagrama_posicao_prolog (cod_diagrama, posicao_prolog) VALUES (6, 111);
INSERT INTO public.veiculo_diagrama_posicao_prolog (cod_diagrama, posicao_prolog) VALUES (6, 121);
INSERT INTO public.veiculo_diagrama_posicao_prolog (cod_diagrama, posicao_prolog) VALUES (6, 211);
INSERT INTO public.veiculo_diagrama_posicao_prolog (cod_diagrama, posicao_prolog) VALUES (6, 221);
INSERT INTO public.veiculo_diagrama_posicao_prolog (cod_diagrama, posicao_prolog) VALUES (6, 900);
INSERT INTO public.veiculo_diagrama_posicao_prolog (cod_diagrama, posicao_prolog) VALUES (6, 901);
INSERT INTO public.veiculo_diagrama_posicao_prolog (cod_diagrama, posicao_prolog) VALUES (6, 902);
INSERT INTO public.veiculo_diagrama_posicao_prolog (cod_diagrama, posicao_prolog) VALUES (6, 903);
INSERT INTO public.veiculo_diagrama_posicao_prolog (cod_diagrama, posicao_prolog) VALUES (6, 904);
INSERT INTO public.veiculo_diagrama_posicao_prolog (cod_diagrama, posicao_prolog) VALUES (6, 905);
INSERT INTO public.veiculo_diagrama_posicao_prolog (cod_diagrama, posicao_prolog) VALUES (6, 906);
INSERT INTO public.veiculo_diagrama_posicao_prolog (cod_diagrama, posicao_prolog) VALUES (6, 907);
INSERT INTO public.veiculo_diagrama_posicao_prolog (cod_diagrama, posicao_prolog) VALUES (6, 908);
INSERT INTO public.veiculo_diagrama_posicao_prolog (cod_diagrama, posicao_prolog) VALUES (7, 121);
INSERT INTO public.veiculo_diagrama_posicao_prolog (cod_diagrama, posicao_prolog) VALUES (7, 122);
INSERT INTO public.veiculo_diagrama_posicao_prolog (cod_diagrama, posicao_prolog) VALUES (7, 111);
INSERT INTO public.veiculo_diagrama_posicao_prolog (cod_diagrama, posicao_prolog) VALUES (7, 112);
INSERT INTO public.veiculo_diagrama_posicao_prolog (cod_diagrama, posicao_prolog) VALUES (7, 211);
INSERT INTO public.veiculo_diagrama_posicao_prolog (cod_diagrama, posicao_prolog) VALUES (7, 221);
INSERT INTO public.veiculo_diagrama_posicao_prolog (cod_diagrama, posicao_prolog) VALUES (7, 900);
INSERT INTO public.veiculo_diagrama_posicao_prolog (cod_diagrama, posicao_prolog) VALUES (7, 901);
INSERT INTO public.veiculo_diagrama_posicao_prolog (cod_diagrama, posicao_prolog) VALUES (7, 902);
INSERT INTO public.veiculo_diagrama_posicao_prolog (cod_diagrama, posicao_prolog) VALUES (7, 903);
INSERT INTO public.veiculo_diagrama_posicao_prolog (cod_diagrama, posicao_prolog) VALUES (7, 904);
INSERT INTO public.veiculo_diagrama_posicao_prolog (cod_diagrama, posicao_prolog) VALUES (7, 905);
INSERT INTO public.veiculo_diagrama_posicao_prolog (cod_diagrama, posicao_prolog) VALUES (7, 906);
INSERT INTO public.veiculo_diagrama_posicao_prolog (cod_diagrama, posicao_prolog) VALUES (7, 907);
INSERT INTO public.veiculo_diagrama_posicao_prolog (cod_diagrama, posicao_prolog) VALUES (7, 908);
INSERT INTO public.veiculo_diagrama_posicao_prolog (cod_diagrama, posicao_prolog) VALUES (8, 111);
INSERT INTO public.veiculo_diagrama_posicao_prolog (cod_diagrama, posicao_prolog) VALUES (8, 121);
INSERT INTO public.veiculo_diagrama_posicao_prolog (cod_diagrama, posicao_prolog) VALUES (8, 211);
INSERT INTO public.veiculo_diagrama_posicao_prolog (cod_diagrama, posicao_prolog) VALUES (8, 221);
INSERT INTO public.veiculo_diagrama_posicao_prolog (cod_diagrama, posicao_prolog) VALUES (8, 900);
INSERT INTO public.veiculo_diagrama_posicao_prolog (cod_diagrama, posicao_prolog) VALUES (8, 901);
INSERT INTO public.veiculo_diagrama_posicao_prolog (cod_diagrama, posicao_prolog) VALUES (8, 902);
INSERT INTO public.veiculo_diagrama_posicao_prolog (cod_diagrama, posicao_prolog) VALUES (8, 903);
INSERT INTO public.veiculo_diagrama_posicao_prolog (cod_diagrama, posicao_prolog) VALUES (8, 904);
INSERT INTO public.veiculo_diagrama_posicao_prolog (cod_diagrama, posicao_prolog) VALUES (8, 905);
INSERT INTO public.veiculo_diagrama_posicao_prolog (cod_diagrama, posicao_prolog) VALUES (8, 906);
INSERT INTO public.veiculo_diagrama_posicao_prolog (cod_diagrama, posicao_prolog) VALUES (8, 907);
INSERT INTO public.veiculo_diagrama_posicao_prolog (cod_diagrama, posicao_prolog) VALUES (8, 908);
INSERT INTO public.veiculo_diagrama_posicao_prolog (cod_diagrama, posicao_prolog) VALUES (9, 211);
INSERT INTO public.veiculo_diagrama_posicao_prolog (cod_diagrama, posicao_prolog) VALUES (9, 212);
INSERT INTO public.veiculo_diagrama_posicao_prolog (cod_diagrama, posicao_prolog) VALUES (9, 221);
INSERT INTO public.veiculo_diagrama_posicao_prolog (cod_diagrama, posicao_prolog) VALUES (9, 222);
INSERT INTO public.veiculo_diagrama_posicao_prolog (cod_diagrama, posicao_prolog) VALUES (9, 311);
INSERT INTO public.veiculo_diagrama_posicao_prolog (cod_diagrama, posicao_prolog) VALUES (9, 312);
INSERT INTO public.veiculo_diagrama_posicao_prolog (cod_diagrama, posicao_prolog) VALUES (9, 321);
INSERT INTO public.veiculo_diagrama_posicao_prolog (cod_diagrama, posicao_prolog) VALUES (9, 322);
INSERT INTO public.veiculo_diagrama_posicao_prolog (cod_diagrama, posicao_prolog) VALUES (9, 411);
INSERT INTO public.veiculo_diagrama_posicao_prolog (cod_diagrama, posicao_prolog) VALUES (9, 412);
INSERT INTO public.veiculo_diagrama_posicao_prolog (cod_diagrama, posicao_prolog) VALUES (9, 421);
INSERT INTO public.veiculo_diagrama_posicao_prolog (cod_diagrama, posicao_prolog) VALUES (9, 422);
INSERT INTO public.veiculo_diagrama_posicao_prolog (cod_diagrama, posicao_prolog) VALUES (9, 511);
INSERT INTO public.veiculo_diagrama_posicao_prolog (cod_diagrama, posicao_prolog) VALUES (9, 512);
INSERT INTO public.veiculo_diagrama_posicao_prolog (cod_diagrama, posicao_prolog) VALUES (9, 521);
INSERT INTO public.veiculo_diagrama_posicao_prolog (cod_diagrama, posicao_prolog) VALUES (9, 522);
INSERT INTO public.veiculo_diagrama_posicao_prolog (cod_diagrama, posicao_prolog) VALUES (9, 900);
INSERT INTO public.veiculo_diagrama_posicao_prolog (cod_diagrama, posicao_prolog) VALUES (9, 901);
INSERT INTO public.veiculo_diagrama_posicao_prolog (cod_diagrama, posicao_prolog) VALUES (9, 902);
INSERT INTO public.veiculo_diagrama_posicao_prolog (cod_diagrama, posicao_prolog) VALUES (9, 903);
INSERT INTO public.veiculo_diagrama_posicao_prolog (cod_diagrama, posicao_prolog) VALUES (9, 904);
INSERT INTO public.veiculo_diagrama_posicao_prolog (cod_diagrama, posicao_prolog) VALUES (9, 905);
INSERT INTO public.veiculo_diagrama_posicao_prolog (cod_diagrama, posicao_prolog) VALUES (9, 906);
INSERT INTO public.veiculo_diagrama_posicao_prolog (cod_diagrama, posicao_prolog) VALUES (9, 907);
INSERT INTO public.veiculo_diagrama_posicao_prolog (cod_diagrama, posicao_prolog) VALUES (9, 908);
INSERT INTO public.veiculo_diagrama_posicao_prolog (cod_diagrama, posicao_prolog) VALUES (10, 111);
INSERT INTO public.veiculo_diagrama_posicao_prolog (cod_diagrama, posicao_prolog) VALUES (10, 121);
INSERT INTO public.veiculo_diagrama_posicao_prolog (cod_diagrama, posicao_prolog) VALUES (10, 211);
INSERT INTO public.veiculo_diagrama_posicao_prolog (cod_diagrama, posicao_prolog) VALUES (10, 212);
INSERT INTO public.veiculo_diagrama_posicao_prolog (cod_diagrama, posicao_prolog) VALUES (10, 221);
INSERT INTO public.veiculo_diagrama_posicao_prolog (cod_diagrama, posicao_prolog) VALUES (10, 222);
INSERT INTO public.veiculo_diagrama_posicao_prolog (cod_diagrama, posicao_prolog) VALUES (10, 311);
INSERT INTO public.veiculo_diagrama_posicao_prolog (cod_diagrama, posicao_prolog) VALUES (10, 321);
INSERT INTO public.veiculo_diagrama_posicao_prolog (cod_diagrama, posicao_prolog) VALUES (10, 900);
INSERT INTO public.veiculo_diagrama_posicao_prolog (cod_diagrama, posicao_prolog) VALUES (10, 901);
INSERT INTO public.veiculo_diagrama_posicao_prolog (cod_diagrama, posicao_prolog) VALUES (10, 902);
INSERT INTO public.veiculo_diagrama_posicao_prolog (cod_diagrama, posicao_prolog) VALUES (10, 903);
INSERT INTO public.veiculo_diagrama_posicao_prolog (cod_diagrama, posicao_prolog) VALUES (10, 904);
INSERT INTO public.veiculo_diagrama_posicao_prolog (cod_diagrama, posicao_prolog) VALUES (10, 905);
INSERT INTO public.veiculo_diagrama_posicao_prolog (cod_diagrama, posicao_prolog) VALUES (10, 906);
INSERT INTO public.veiculo_diagrama_posicao_prolog (cod_diagrama, posicao_prolog) VALUES (10, 907);
INSERT INTO public.veiculo_diagrama_posicao_prolog (cod_diagrama, posicao_prolog) VALUES (10, 908);
INSERT INTO public.veiculo_diagrama_posicao_prolog (cod_diagrama, posicao_prolog) VALUES (11, 211);
INSERT INTO public.veiculo_diagrama_posicao_prolog (cod_diagrama, posicao_prolog) VALUES (11, 221);
INSERT INTO public.veiculo_diagrama_posicao_prolog (cod_diagrama, posicao_prolog) VALUES (11, 311);
INSERT INTO public.veiculo_diagrama_posicao_prolog (cod_diagrama, posicao_prolog) VALUES (11, 321);
INSERT INTO public.veiculo_diagrama_posicao_prolog (cod_diagrama, posicao_prolog) VALUES (11, 900);
INSERT INTO public.veiculo_diagrama_posicao_prolog (cod_diagrama, posicao_prolog) VALUES (11, 901);
INSERT INTO public.veiculo_diagrama_posicao_prolog (cod_diagrama, posicao_prolog) VALUES (11, 902);
INSERT INTO public.veiculo_diagrama_posicao_prolog (cod_diagrama, posicao_prolog) VALUES (11, 903);
INSERT INTO public.veiculo_diagrama_posicao_prolog (cod_diagrama, posicao_prolog) VALUES (11, 904);
INSERT INTO public.veiculo_diagrama_posicao_prolog (cod_diagrama, posicao_prolog) VALUES (11, 905);
INSERT INTO public.veiculo_diagrama_posicao_prolog (cod_diagrama, posicao_prolog) VALUES (11, 906);
INSERT INTO public.veiculo_diagrama_posicao_prolog (cod_diagrama, posicao_prolog) VALUES (11, 907);
INSERT INTO public.veiculo_diagrama_posicao_prolog (cod_diagrama, posicao_prolog) VALUES (11, 908);
INSERT INTO public.veiculo_diagrama_posicao_prolog (cod_diagrama, posicao_prolog) VALUES (12, 111);
INSERT INTO public.veiculo_diagrama_posicao_prolog (cod_diagrama, posicao_prolog) VALUES (12, 211);
INSERT INTO public.veiculo_diagrama_posicao_prolog (cod_diagrama, posicao_prolog) VALUES (13, 111);
INSERT INTO public.veiculo_diagrama_posicao_prolog (cod_diagrama, posicao_prolog) VALUES (13, 121);
INSERT INTO public.veiculo_diagrama_posicao_prolog (cod_diagrama, posicao_prolog) VALUES (13, 211);
INSERT INTO public.veiculo_diagrama_posicao_prolog (cod_diagrama, posicao_prolog) VALUES (14, 111);
INSERT INTO public.veiculo_diagrama_posicao_prolog (cod_diagrama, posicao_prolog) VALUES (14, 121);
INSERT INTO public.veiculo_diagrama_posicao_prolog (cod_diagrama, posicao_prolog) VALUES (14, 211);
INSERT INTO public.veiculo_diagrama_posicao_prolog (cod_diagrama, posicao_prolog) VALUES (14, 212);
INSERT INTO public.veiculo_diagrama_posicao_prolog (cod_diagrama, posicao_prolog) VALUES (14, 221);
INSERT INTO public.veiculo_diagrama_posicao_prolog (cod_diagrama, posicao_prolog) VALUES (14, 222);
INSERT INTO public.veiculo_diagrama_posicao_prolog (cod_diagrama, posicao_prolog) VALUES (14, 311);
INSERT INTO public.veiculo_diagrama_posicao_prolog (cod_diagrama, posicao_prolog) VALUES (14, 312);
INSERT INTO public.veiculo_diagrama_posicao_prolog (cod_diagrama, posicao_prolog) VALUES (14, 321);
INSERT INTO public.veiculo_diagrama_posicao_prolog (cod_diagrama, posicao_prolog) VALUES (14, 322);
INSERT INTO public.veiculo_diagrama_posicao_prolog (cod_diagrama, posicao_prolog) VALUES (14, 411);
INSERT INTO public.veiculo_diagrama_posicao_prolog (cod_diagrama, posicao_prolog) VALUES (14, 412);
INSERT INTO public.veiculo_diagrama_posicao_prolog (cod_diagrama, posicao_prolog) VALUES (14, 421);
INSERT INTO public.veiculo_diagrama_posicao_prolog (cod_diagrama, posicao_prolog) VALUES (14, 422);
INSERT INTO public.veiculo_diagrama_posicao_prolog (cod_diagrama, posicao_prolog) VALUES (15, 211);
INSERT INTO public.veiculo_diagrama_posicao_prolog (cod_diagrama, posicao_prolog) VALUES (15, 221);
INSERT INTO public.veiculo_diagrama_posicao_prolog (cod_diagrama, posicao_prolog) VALUES (15, 900);
INSERT INTO public.veiculo_diagrama_posicao_prolog (cod_diagrama, posicao_prolog) VALUES (15, 901);
INSERT INTO public.veiculo_diagrama_posicao_prolog (cod_diagrama, posicao_prolog) VALUES (15, 902);
INSERT INTO public.veiculo_diagrama_posicao_prolog (cod_diagrama, posicao_prolog) VALUES (15, 903);
INSERT INTO public.veiculo_diagrama_posicao_prolog (cod_diagrama, posicao_prolog) VALUES (15, 904);
INSERT INTO public.veiculo_diagrama_posicao_prolog (cod_diagrama, posicao_prolog) VALUES (15, 905);
INSERT INTO public.veiculo_diagrama_posicao_prolog (cod_diagrama, posicao_prolog) VALUES (15, 906);
INSERT INTO public.veiculo_diagrama_posicao_prolog (cod_diagrama, posicao_prolog) VALUES (15, 907);
INSERT INTO public.veiculo_diagrama_posicao_prolog (cod_diagrama, posicao_prolog) VALUES (15, 908);
INSERT INTO public.veiculo_diagrama_posicao_prolog (cod_diagrama, posicao_prolog) VALUES (14, 900);
INSERT INTO public.veiculo_diagrama_posicao_prolog (cod_diagrama, posicao_prolog) VALUES (14, 901);
INSERT INTO public.veiculo_diagrama_posicao_prolog (cod_diagrama, posicao_prolog) VALUES (14, 902);
INSERT INTO public.veiculo_diagrama_posicao_prolog (cod_diagrama, posicao_prolog) VALUES (14, 903);
INSERT INTO public.veiculo_diagrama_posicao_prolog (cod_diagrama, posicao_prolog) VALUES (14, 904);
INSERT INTO public.veiculo_diagrama_posicao_prolog (cod_diagrama, posicao_prolog) VALUES (14, 905);
INSERT INTO public.veiculo_diagrama_posicao_prolog (cod_diagrama, posicao_prolog) VALUES (14, 906);
INSERT INTO public.veiculo_diagrama_posicao_prolog (cod_diagrama, posicao_prolog) VALUES (14, 907);
INSERT INTO public.veiculo_diagrama_posicao_prolog (cod_diagrama, posicao_prolog) VALUES (14, 908);
INSERT INTO public.veiculo_diagrama_posicao_prolog (cod_diagrama, posicao_prolog) VALUES (16, 111);
INSERT INTO public.veiculo_diagrama_posicao_prolog (cod_diagrama, posicao_prolog) VALUES (16, 121);
INSERT INTO public.veiculo_diagrama_posicao_prolog (cod_diagrama, posicao_prolog) VALUES (16, 211);
INSERT INTO public.veiculo_diagrama_posicao_prolog (cod_diagrama, posicao_prolog) VALUES (16, 212);
INSERT INTO public.veiculo_diagrama_posicao_prolog (cod_diagrama, posicao_prolog) VALUES (16, 221);
INSERT INTO public.veiculo_diagrama_posicao_prolog (cod_diagrama, posicao_prolog) VALUES (16, 222);
INSERT INTO public.veiculo_diagrama_posicao_prolog (cod_diagrama, posicao_prolog) VALUES (16, 311);
INSERT INTO public.veiculo_diagrama_posicao_prolog (cod_diagrama, posicao_prolog) VALUES (16, 312);
INSERT INTO public.veiculo_diagrama_posicao_prolog (cod_diagrama, posicao_prolog) VALUES (16, 321);
INSERT INTO public.veiculo_diagrama_posicao_prolog (cod_diagrama, posicao_prolog) VALUES (16, 322);
INSERT INTO public.veiculo_diagrama_posicao_prolog (cod_diagrama, posicao_prolog) VALUES (16, 411);
INSERT INTO public.veiculo_diagrama_posicao_prolog (cod_diagrama, posicao_prolog) VALUES (16, 421);
INSERT INTO public.veiculo_diagrama_posicao_prolog (cod_diagrama, posicao_prolog) VALUES (16, 900);
INSERT INTO public.veiculo_diagrama_posicao_prolog (cod_diagrama, posicao_prolog) VALUES (16, 901);
INSERT INTO public.veiculo_diagrama_posicao_prolog (cod_diagrama, posicao_prolog) VALUES (16, 902);
INSERT INTO public.veiculo_diagrama_posicao_prolog (cod_diagrama, posicao_prolog) VALUES (16, 903);
INSERT INTO public.veiculo_diagrama_posicao_prolog (cod_diagrama, posicao_prolog) VALUES (16, 904);
INSERT INTO public.veiculo_diagrama_posicao_prolog (cod_diagrama, posicao_prolog) VALUES (16, 905);
INSERT INTO public.veiculo_diagrama_posicao_prolog (cod_diagrama, posicao_prolog) VALUES (16, 906);
INSERT INTO public.veiculo_diagrama_posicao_prolog (cod_diagrama, posicao_prolog) VALUES (16, 907);
INSERT INTO public.veiculo_diagrama_posicao_prolog (cod_diagrama, posicao_prolog) VALUES (16, 908);
INSERT INTO public.veiculo_diagrama_posicao_prolog (cod_diagrama, posicao_prolog) VALUES (12, 900);
INSERT INTO public.veiculo_diagrama_posicao_prolog (cod_diagrama, posicao_prolog) VALUES (12, 901);
INSERT INTO public.veiculo_diagrama_posicao_prolog (cod_diagrama, posicao_prolog) VALUES (12, 902);
INSERT INTO public.veiculo_diagrama_posicao_prolog (cod_diagrama, posicao_prolog) VALUES (12, 903);
INSERT INTO public.veiculo_diagrama_posicao_prolog (cod_diagrama, posicao_prolog) VALUES (12, 904);
INSERT INTO public.veiculo_diagrama_posicao_prolog (cod_diagrama, posicao_prolog) VALUES (12, 905);
INSERT INTO public.veiculo_diagrama_posicao_prolog (cod_diagrama, posicao_prolog) VALUES (12, 906);
INSERT INTO public.veiculo_diagrama_posicao_prolog (cod_diagrama, posicao_prolog) VALUES (12, 907);
INSERT INTO public.veiculo_diagrama_posicao_prolog (cod_diagrama, posicao_prolog) VALUES (12, 908);
INSERT INTO public.veiculo_diagrama_posicao_prolog (cod_diagrama, posicao_prolog) VALUES (13, 900);
INSERT INTO public.veiculo_diagrama_posicao_prolog (cod_diagrama, posicao_prolog) VALUES (13, 901);
INSERT INTO public.veiculo_diagrama_posicao_prolog (cod_diagrama, posicao_prolog) VALUES (13, 902);
INSERT INTO public.veiculo_diagrama_posicao_prolog (cod_diagrama, posicao_prolog) VALUES (13, 903);
INSERT INTO public.veiculo_diagrama_posicao_prolog (cod_diagrama, posicao_prolog) VALUES (13, 904);
INSERT INTO public.veiculo_diagrama_posicao_prolog (cod_diagrama, posicao_prolog) VALUES (13, 905);
INSERT INTO public.veiculo_diagrama_posicao_prolog (cod_diagrama, posicao_prolog) VALUES (13, 906);
INSERT INTO public.veiculo_diagrama_posicao_prolog (cod_diagrama, posicao_prolog) VALUES (13, 907);
INSERT INTO public.veiculo_diagrama_posicao_prolog (cod_diagrama, posicao_prolog) VALUES (13, 908);
INSERT INTO public.veiculo_diagrama_posicao_prolog (cod_diagrama, posicao_prolog) VALUES (17, 211);
INSERT INTO public.veiculo_diagrama_posicao_prolog (cod_diagrama, posicao_prolog) VALUES (17, 212);
INSERT INTO public.veiculo_diagrama_posicao_prolog (cod_diagrama, posicao_prolog) VALUES (17, 221);
INSERT INTO public.veiculo_diagrama_posicao_prolog (cod_diagrama, posicao_prolog) VALUES (17, 222);
INSERT INTO public.veiculo_diagrama_posicao_prolog (cod_diagrama, posicao_prolog) VALUES (17, 900);
INSERT INTO public.veiculo_diagrama_posicao_prolog (cod_diagrama, posicao_prolog) VALUES (17, 901);
INSERT INTO public.veiculo_diagrama_posicao_prolog (cod_diagrama, posicao_prolog) VALUES (17, 902);
INSERT INTO public.veiculo_diagrama_posicao_prolog (cod_diagrama, posicao_prolog) VALUES (17, 903);
INSERT INTO public.veiculo_diagrama_posicao_prolog (cod_diagrama, posicao_prolog) VALUES (17, 904);
INSERT INTO public.veiculo_diagrama_posicao_prolog (cod_diagrama, posicao_prolog) VALUES (17, 905);
INSERT INTO public.veiculo_diagrama_posicao_prolog (cod_diagrama, posicao_prolog) VALUES (17, 906);
INSERT INTO public.veiculo_diagrama_posicao_prolog (cod_diagrama, posicao_prolog) VALUES (17, 907);
INSERT INTO public.veiculo_diagrama_posicao_prolog (cod_diagrama, posicao_prolog) VALUES (17, 908);
INSERT INTO public.veiculo_diagrama_posicao_prolog (cod_diagrama, posicao_prolog) VALUES (18, 211);
INSERT INTO public.veiculo_diagrama_posicao_prolog (cod_diagrama, posicao_prolog) VALUES (18, 221);
INSERT INTO public.veiculo_diagrama_posicao_prolog (cod_diagrama, posicao_prolog) VALUES (18, 311);
INSERT INTO public.veiculo_diagrama_posicao_prolog (cod_diagrama, posicao_prolog) VALUES (18, 321);
INSERT INTO public.veiculo_diagrama_posicao_prolog (cod_diagrama, posicao_prolog) VALUES (18, 411);
INSERT INTO public.veiculo_diagrama_posicao_prolog (cod_diagrama, posicao_prolog) VALUES (18, 421);
INSERT INTO public.veiculo_diagrama_posicao_prolog (cod_diagrama, posicao_prolog) VALUES (18, 900);
INSERT INTO public.veiculo_diagrama_posicao_prolog (cod_diagrama, posicao_prolog) VALUES (18, 901);
INSERT INTO public.veiculo_diagrama_posicao_prolog (cod_diagrama, posicao_prolog) VALUES (18, 902);
INSERT INTO public.veiculo_diagrama_posicao_prolog (cod_diagrama, posicao_prolog) VALUES (18, 903);
INSERT INTO public.veiculo_diagrama_posicao_prolog (cod_diagrama, posicao_prolog) VALUES (18, 904);
INSERT INTO public.veiculo_diagrama_posicao_prolog (cod_diagrama, posicao_prolog) VALUES (18, 905);
INSERT INTO public.veiculo_diagrama_posicao_prolog (cod_diagrama, posicao_prolog) VALUES (18, 906);
INSERT INTO public.veiculo_diagrama_posicao_prolog (cod_diagrama, posicao_prolog) VALUES (18, 907);
INSERT INTO public.veiculo_diagrama_posicao_prolog (cod_diagrama, posicao_prolog) VALUES (18, 908);
INSERT INTO public.veiculo_diagrama_posicao_prolog (cod_diagrama, posicao_prolog) VALUES (19, 111);
INSERT INTO public.veiculo_diagrama_posicao_prolog (cod_diagrama, posicao_prolog) VALUES (19, 121);
INSERT INTO public.veiculo_diagrama_posicao_prolog (cod_diagrama, posicao_prolog) VALUES (19, 211);
INSERT INTO public.veiculo_diagrama_posicao_prolog (cod_diagrama, posicao_prolog) VALUES (19, 221);
INSERT INTO public.veiculo_diagrama_posicao_prolog (cod_diagrama, posicao_prolog) VALUES (19, 311);
INSERT INTO public.veiculo_diagrama_posicao_prolog (cod_diagrama, posicao_prolog) VALUES (19, 312);
INSERT INTO public.veiculo_diagrama_posicao_prolog (cod_diagrama, posicao_prolog) VALUES (19, 321);
INSERT INTO public.veiculo_diagrama_posicao_prolog (cod_diagrama, posicao_prolog) VALUES (19, 322);
INSERT INTO public.veiculo_diagrama_posicao_prolog (cod_diagrama, posicao_prolog) VALUES (19, 411);
INSERT INTO public.veiculo_diagrama_posicao_prolog (cod_diagrama, posicao_prolog) VALUES (19, 421);
INSERT INTO public.veiculo_diagrama_posicao_prolog (cod_diagrama, posicao_prolog) VALUES (19, 900);
INSERT INTO public.veiculo_diagrama_posicao_prolog (cod_diagrama, posicao_prolog) VALUES (19, 901);
INSERT INTO public.veiculo_diagrama_posicao_prolog (cod_diagrama, posicao_prolog) VALUES (19, 902);
INSERT INTO public.veiculo_diagrama_posicao_prolog (cod_diagrama, posicao_prolog) VALUES (19, 903);
INSERT INTO public.veiculo_diagrama_posicao_prolog (cod_diagrama, posicao_prolog) VALUES (19, 904);
INSERT INTO public.veiculo_diagrama_posicao_prolog (cod_diagrama, posicao_prolog) VALUES (19, 905);
INSERT INTO public.veiculo_diagrama_posicao_prolog (cod_diagrama, posicao_prolog) VALUES (19, 906);
INSERT INTO public.veiculo_diagrama_posicao_prolog (cod_diagrama, posicao_prolog) VALUES (19, 907);
INSERT INTO public.veiculo_diagrama_posicao_prolog (cod_diagrama, posicao_prolog) VALUES (19, 908);
INSERT INTO public.veiculo_diagrama_posicao_prolog (cod_diagrama, posicao_prolog) VALUES (20, 111);
INSERT INTO public.veiculo_diagrama_posicao_prolog (cod_diagrama, posicao_prolog) VALUES (20, 121);
INSERT INTO public.veiculo_diagrama_posicao_prolog (cod_diagrama, posicao_prolog) VALUES (20, 112);
INSERT INTO public.veiculo_diagrama_posicao_prolog (cod_diagrama, posicao_prolog) VALUES (20, 122);
INSERT INTO public.veiculo_diagrama_posicao_prolog (cod_diagrama, posicao_prolog) VALUES (20, 211);
INSERT INTO public.veiculo_diagrama_posicao_prolog (cod_diagrama, posicao_prolog) VALUES (20, 212);
INSERT INTO public.veiculo_diagrama_posicao_prolog (cod_diagrama, posicao_prolog) VALUES (20, 221);
INSERT INTO public.veiculo_diagrama_posicao_prolog (cod_diagrama, posicao_prolog) VALUES (20, 222);
INSERT INTO public.veiculo_diagrama_posicao_prolog (cod_diagrama, posicao_prolog) VALUES (20, 311);
INSERT INTO public.veiculo_diagrama_posicao_prolog (cod_diagrama, posicao_prolog) VALUES (20, 312);
INSERT INTO public.veiculo_diagrama_posicao_prolog (cod_diagrama, posicao_prolog) VALUES (20, 321);
INSERT INTO public.veiculo_diagrama_posicao_prolog (cod_diagrama, posicao_prolog) VALUES (20, 322);
INSERT INTO public.veiculo_diagrama_posicao_prolog (cod_diagrama, posicao_prolog) VALUES (20, 411);
INSERT INTO public.veiculo_diagrama_posicao_prolog (cod_diagrama, posicao_prolog) VALUES (20, 412);
INSERT INTO public.veiculo_diagrama_posicao_prolog (cod_diagrama, posicao_prolog) VALUES (20, 421);
INSERT INTO public.veiculo_diagrama_posicao_prolog (cod_diagrama, posicao_prolog) VALUES (20, 422);
INSERT INTO public.veiculo_diagrama_posicao_prolog (cod_diagrama, posicao_prolog) VALUES (20, 511);
INSERT INTO public.veiculo_diagrama_posicao_prolog (cod_diagrama, posicao_prolog) VALUES (20, 512);
INSERT INTO public.veiculo_diagrama_posicao_prolog (cod_diagrama, posicao_prolog) VALUES (20, 521);
INSERT INTO public.veiculo_diagrama_posicao_prolog (cod_diagrama, posicao_prolog) VALUES (20, 522);
INSERT INTO public.veiculo_diagrama_posicao_prolog (cod_diagrama, posicao_prolog) VALUES (20, 611);
INSERT INTO public.veiculo_diagrama_posicao_prolog (cod_diagrama, posicao_prolog) VALUES (20, 612);
INSERT INTO public.veiculo_diagrama_posicao_prolog (cod_diagrama, posicao_prolog) VALUES (20, 621);
INSERT INTO public.veiculo_diagrama_posicao_prolog (cod_diagrama, posicao_prolog) VALUES (20, 622);
INSERT INTO public.veiculo_diagrama_posicao_prolog (cod_diagrama, posicao_prolog) VALUES (20, 900);
INSERT INTO public.veiculo_diagrama_posicao_prolog (cod_diagrama, posicao_prolog) VALUES (20, 901);
INSERT INTO public.veiculo_diagrama_posicao_prolog (cod_diagrama, posicao_prolog) VALUES (20, 902);
INSERT INTO public.veiculo_diagrama_posicao_prolog (cod_diagrama, posicao_prolog) VALUES (20, 903);
INSERT INTO public.veiculo_diagrama_posicao_prolog (cod_diagrama, posicao_prolog) VALUES (20, 904);
INSERT INTO public.veiculo_diagrama_posicao_prolog (cod_diagrama, posicao_prolog) VALUES (20, 905);
INSERT INTO public.veiculo_diagrama_posicao_prolog (cod_diagrama, posicao_prolog) VALUES (20, 906);
INSERT INTO public.veiculo_diagrama_posicao_prolog (cod_diagrama, posicao_prolog) VALUES (20, 907);
INSERT INTO public.veiculo_diagrama_posicao_prolog (cod_diagrama, posicao_prolog) VALUES (20, 908);
INSERT INTO public.veiculo_diagrama_posicao_prolog (cod_diagrama, posicao_prolog) VALUES (21, 111);
INSERT INTO public.veiculo_diagrama_posicao_prolog (cod_diagrama, posicao_prolog) VALUES (21, 121);
INSERT INTO public.veiculo_diagrama_posicao_prolog (cod_diagrama, posicao_prolog) VALUES (21, 112);
INSERT INTO public.veiculo_diagrama_posicao_prolog (cod_diagrama, posicao_prolog) VALUES (21, 122);
INSERT INTO public.veiculo_diagrama_posicao_prolog (cod_diagrama, posicao_prolog) VALUES (21, 211);
INSERT INTO public.veiculo_diagrama_posicao_prolog (cod_diagrama, posicao_prolog) VALUES (21, 212);
INSERT INTO public.veiculo_diagrama_posicao_prolog (cod_diagrama, posicao_prolog) VALUES (21, 221);
INSERT INTO public.veiculo_diagrama_posicao_prolog (cod_diagrama, posicao_prolog) VALUES (21, 222);
INSERT INTO public.veiculo_diagrama_posicao_prolog (cod_diagrama, posicao_prolog) VALUES (21, 311);
INSERT INTO public.veiculo_diagrama_posicao_prolog (cod_diagrama, posicao_prolog) VALUES (21, 312);
INSERT INTO public.veiculo_diagrama_posicao_prolog (cod_diagrama, posicao_prolog) VALUES (21, 321);
INSERT INTO public.veiculo_diagrama_posicao_prolog (cod_diagrama, posicao_prolog) VALUES (21, 322);
INSERT INTO public.veiculo_diagrama_posicao_prolog (cod_diagrama, posicao_prolog) VALUES (21, 411);
INSERT INTO public.veiculo_diagrama_posicao_prolog (cod_diagrama, posicao_prolog) VALUES (21, 412);
INSERT INTO public.veiculo_diagrama_posicao_prolog (cod_diagrama, posicao_prolog) VALUES (21, 421);
INSERT INTO public.veiculo_diagrama_posicao_prolog (cod_diagrama, posicao_prolog) VALUES (21, 422);
INSERT INTO public.veiculo_diagrama_posicao_prolog (cod_diagrama, posicao_prolog) VALUES (21, 511);
INSERT INTO public.veiculo_diagrama_posicao_prolog (cod_diagrama, posicao_prolog) VALUES (21, 512);
INSERT INTO public.veiculo_diagrama_posicao_prolog (cod_diagrama, posicao_prolog) VALUES (21, 521);
INSERT INTO public.veiculo_diagrama_posicao_prolog (cod_diagrama, posicao_prolog) VALUES (21, 522);
INSERT INTO public.veiculo_diagrama_posicao_prolog (cod_diagrama, posicao_prolog) VALUES (21, 611);
INSERT INTO public.veiculo_diagrama_posicao_prolog (cod_diagrama, posicao_prolog) VALUES (21, 612);
INSERT INTO public.veiculo_diagrama_posicao_prolog (cod_diagrama, posicao_prolog) VALUES (21, 621);
INSERT INTO public.veiculo_diagrama_posicao_prolog (cod_diagrama, posicao_prolog) VALUES (21, 622);
INSERT INTO public.veiculo_diagrama_posicao_prolog (cod_diagrama, posicao_prolog) VALUES (21, 711);
INSERT INTO public.veiculo_diagrama_posicao_prolog (cod_diagrama, posicao_prolog) VALUES (21, 712);
INSERT INTO public.veiculo_diagrama_posicao_prolog (cod_diagrama, posicao_prolog) VALUES (21, 721);
INSERT INTO public.veiculo_diagrama_posicao_prolog (cod_diagrama, posicao_prolog) VALUES (21, 722);
INSERT INTO public.veiculo_diagrama_posicao_prolog (cod_diagrama, posicao_prolog) VALUES (21, 811);
INSERT INTO public.veiculo_diagrama_posicao_prolog (cod_diagrama, posicao_prolog) VALUES (21, 812);
INSERT INTO public.veiculo_diagrama_posicao_prolog (cod_diagrama, posicao_prolog) VALUES (21, 821);
INSERT INTO public.veiculo_diagrama_posicao_prolog (cod_diagrama, posicao_prolog) VALUES (21, 822);
INSERT INTO public.veiculo_diagrama_posicao_prolog (cod_diagrama, posicao_prolog) VALUES (21, 900);
INSERT INTO public.veiculo_diagrama_posicao_prolog (cod_diagrama, posicao_prolog) VALUES (21, 901);
INSERT INTO public.veiculo_diagrama_posicao_prolog (cod_diagrama, posicao_prolog) VALUES (21, 902);
INSERT INTO public.veiculo_diagrama_posicao_prolog (cod_diagrama, posicao_prolog) VALUES (21, 903);
INSERT INTO public.veiculo_diagrama_posicao_prolog (cod_diagrama, posicao_prolog) VALUES (21, 904);
INSERT INTO public.veiculo_diagrama_posicao_prolog (cod_diagrama, posicao_prolog) VALUES (21, 905);
INSERT INTO public.veiculo_diagrama_posicao_prolog (cod_diagrama, posicao_prolog) VALUES (21, 906);
INSERT INTO public.veiculo_diagrama_posicao_prolog (cod_diagrama, posicao_prolog) VALUES (21, 907);
INSERT INTO public.veiculo_diagrama_posicao_prolog (cod_diagrama, posicao_prolog) VALUES (21, 908);
INSERT INTO public.veiculo_diagrama_posicao_prolog (cod_diagrama, posicao_prolog) VALUES (22, 111);
INSERT INTO public.veiculo_diagrama_posicao_prolog (cod_diagrama, posicao_prolog) VALUES (22, 121);
INSERT INTO public.veiculo_diagrama_posicao_prolog (cod_diagrama, posicao_prolog) VALUES (22, 112);
INSERT INTO public.veiculo_diagrama_posicao_prolog (cod_diagrama, posicao_prolog) VALUES (22, 122);
INSERT INTO public.veiculo_diagrama_posicao_prolog (cod_diagrama, posicao_prolog) VALUES (22, 113);
INSERT INTO public.veiculo_diagrama_posicao_prolog (cod_diagrama, posicao_prolog) VALUES (22, 123);
INSERT INTO public.veiculo_diagrama_posicao_prolog (cod_diagrama, posicao_prolog) VALUES (22, 114);
INSERT INTO public.veiculo_diagrama_posicao_prolog (cod_diagrama, posicao_prolog) VALUES (22, 124);
INSERT INTO public.veiculo_diagrama_posicao_prolog (cod_diagrama, posicao_prolog) VALUES (22, 211);
INSERT INTO public.veiculo_diagrama_posicao_prolog (cod_diagrama, posicao_prolog) VALUES (22, 221);
INSERT INTO public.veiculo_diagrama_posicao_prolog (cod_diagrama, posicao_prolog) VALUES (22, 212);
INSERT INTO public.veiculo_diagrama_posicao_prolog (cod_diagrama, posicao_prolog) VALUES (22, 222);
INSERT INTO public.veiculo_diagrama_posicao_prolog (cod_diagrama, posicao_prolog) VALUES (22, 213);
INSERT INTO public.veiculo_diagrama_posicao_prolog (cod_diagrama, posicao_prolog) VALUES (22, 223);
INSERT INTO public.veiculo_diagrama_posicao_prolog (cod_diagrama, posicao_prolog) VALUES (22, 214);
INSERT INTO public.veiculo_diagrama_posicao_prolog (cod_diagrama, posicao_prolog) VALUES (22, 224);
INSERT INTO public.veiculo_diagrama_posicao_prolog (cod_diagrama, posicao_prolog) VALUES (22, 311);
INSERT INTO public.veiculo_diagrama_posicao_prolog (cod_diagrama, posicao_prolog) VALUES (22, 321);
INSERT INTO public.veiculo_diagrama_posicao_prolog (cod_diagrama, posicao_prolog) VALUES (22, 312);
INSERT INTO public.veiculo_diagrama_posicao_prolog (cod_diagrama, posicao_prolog) VALUES (22, 322);
INSERT INTO public.veiculo_diagrama_posicao_prolog (cod_diagrama, posicao_prolog) VALUES (22, 313);
INSERT INTO public.veiculo_diagrama_posicao_prolog (cod_diagrama, posicao_prolog) VALUES (22, 323);
INSERT INTO public.veiculo_diagrama_posicao_prolog (cod_diagrama, posicao_prolog) VALUES (22, 314);
INSERT INTO public.veiculo_diagrama_posicao_prolog (cod_diagrama, posicao_prolog) VALUES (22, 324);
INSERT INTO public.veiculo_diagrama_posicao_prolog (cod_diagrama, posicao_prolog) VALUES (22, 411);
INSERT INTO public.veiculo_diagrama_posicao_prolog (cod_diagrama, posicao_prolog) VALUES (22, 421);
INSERT INTO public.veiculo_diagrama_posicao_prolog (cod_diagrama, posicao_prolog) VALUES (22, 412);
INSERT INTO public.veiculo_diagrama_posicao_prolog (cod_diagrama, posicao_prolog) VALUES (22, 422);
INSERT INTO public.veiculo_diagrama_posicao_prolog (cod_diagrama, posicao_prolog) VALUES (22, 413);
INSERT INTO public.veiculo_diagrama_posicao_prolog (cod_diagrama, posicao_prolog) VALUES (22, 423);
INSERT INTO public.veiculo_diagrama_posicao_prolog (cod_diagrama, posicao_prolog) VALUES (22, 414);
INSERT INTO public.veiculo_diagrama_posicao_prolog (cod_diagrama, posicao_prolog) VALUES (22, 424);
INSERT INTO public.veiculo_diagrama_posicao_prolog (cod_diagrama, posicao_prolog) VALUES (22, 900);
INSERT INTO public.veiculo_diagrama_posicao_prolog (cod_diagrama, posicao_prolog) VALUES (22, 901);
INSERT INTO public.veiculo_diagrama_posicao_prolog (cod_diagrama, posicao_prolog) VALUES (22, 902);
INSERT INTO public.veiculo_diagrama_posicao_prolog (cod_diagrama, posicao_prolog) VALUES (22, 903);
INSERT INTO public.veiculo_diagrama_posicao_prolog (cod_diagrama, posicao_prolog) VALUES (22, 904);
INSERT INTO public.veiculo_diagrama_posicao_prolog (cod_diagrama, posicao_prolog) VALUES (22, 905);
INSERT INTO public.veiculo_diagrama_posicao_prolog (cod_diagrama, posicao_prolog) VALUES (22, 906);
INSERT INTO public.veiculo_diagrama_posicao_prolog (cod_diagrama, posicao_prolog) VALUES (22, 907);
INSERT INTO public.veiculo_diagrama_posicao_prolog (cod_diagrama, posicao_prolog) VALUES (22, 908);

INSERT INTO public.marca_veiculo (codigo, nome) VALUES (1, 'Volkswagen');
INSERT INTO public.marca_veiculo (codigo, nome) VALUES (2, 'Volvo');
INSERT INTO public.marca_veiculo (codigo, nome) VALUES (3, 'Scania');
INSERT INTO public.marca_veiculo (codigo, nome) VALUES (4, 'Mercedes-Benz');
INSERT INTO public.marca_veiculo (codigo, nome) VALUES (5, 'Ford');
INSERT INTO public.marca_veiculo (codigo, nome) VALUES (6, 'Chevrolet');
INSERT INTO public.marca_veiculo (codigo, nome) VALUES (7, 'Facchini');
INSERT INTO public.marca_veiculo (codigo, nome) VALUES (8, 'Randon');
INSERT INTO public.marca_veiculo (codigo, nome) VALUES (9, 'Rodofort');
INSERT INTO public.marca_veiculo (codigo, nome) VALUES (10, 'Iveco');
INSERT INTO public.marca_veiculo (codigo, nome) VALUES (11, 'Librelato');
INSERT INTO public.marca_veiculo (codigo, nome) VALUES (12, 'Maxfort');
INSERT INTO public.marca_veiculo (codigo, nome) VALUES (13, 'Makena');
INSERT INTO public.marca_veiculo (codigo, nome) VALUES (14, 'Kalmar');
INSERT INTO public.marca_veiculo (codigo, nome) VALUES (15, 'Yale');
INSERT INTO public.marca_veiculo (codigo, nome) VALUES (16, 'Hyster');
INSERT INTO public.marca_veiculo (codigo, nome) VALUES (17, 'Toyota');
INSERT INTO public.marca_veiculo (codigo, nome) VALUES (18, 'Liess');
INSERT INTO public.marca_veiculo (codigo, nome) VALUES (19, 'Usicamp');
INSERT INTO public.marca_veiculo (codigo, nome) VALUES (20, 'Recrusul');
INSERT INTO public.marca_veiculo (codigo, nome) VALUES (21, 'Marcopolo
');
INSERT INTO public.marca_veiculo (codigo, nome) VALUES (22, 'Hyundai');
INSERT INTO public.marca_veiculo (codigo, nome) VALUES (23, 'Fiat');
INSERT INTO public.marca_veiculo (codigo, nome) VALUES (28, 'Rodo King');
INSERT INTO public.marca_veiculo (codigo, nome) VALUES (29, 'Icon');
INSERT INTO public.marca_veiculo (codigo, nome) VALUES (30, 'Salvaro');
INSERT INTO public.marca_veiculo (codigo, nome) VALUES (31, 'Man');
INSERT INTO public.marca_veiculo (codigo, nome) VALUES (32, 'XCMG');
INSERT INTO public.marca_veiculo (codigo, nome) VALUES (33, 'Paletrans');
INSERT INTO public.marca_veiculo (codigo, nome) VALUES (34, 'Still');
INSERT INTO public.marca_veiculo (codigo, nome) VALUES (35, 'Noma
');
INSERT INTO public.marca_veiculo (codigo, nome) VALUES (36, 'Renault');
INSERT INTO public.marca_veiculo (codigo, nome) VALUES (37, 'Peugeot');
INSERT INTO public.marca_veiculo (codigo, nome) VALUES (38, 'Kia');
INSERT INTO public.marca_veiculo (codigo, nome) VALUES (39, 'Agrale');
INSERT INTO public.marca_veiculo (codigo, nome) VALUES (40, 'Rucker');
INSERT INTO public.marca_veiculo (codigo, nome) VALUES (41, 'Sinotruck');
INSERT INTO public.marca_veiculo (codigo, nome) VALUES (42, 'Guerra');
INSERT INTO public.marca_veiculo (codigo, nome) VALUES (43, 'Imperial');
INSERT INTO public.marca_veiculo (codigo, nome) VALUES (44, 'Honda');
INSERT INTO public.marca_veiculo (codigo, nome) VALUES (45, 'São Pedro');
INSERT INTO public.marca_veiculo (codigo, nome) VALUES (46, 'A.D. Fibra');
INSERT INTO public.marca_veiculo (codigo, nome) VALUES (47, 'Unifibra');
INSERT INTO public.marca_veiculo (codigo, nome) VALUES (48, 'Edra');
INSERT INTO public.marca_veiculo (codigo, nome) VALUES (49, 'Unitecnica');
INSERT INTO public.marca_veiculo (codigo, nome) VALUES (50, 'Antonini');
INSERT INTO public.marca_veiculo (codigo, nome) VALUES (51, 'Sergomel');
INSERT INTO public.marca_veiculo (codigo, nome) VALUES (52, 'Sidervan');
INSERT INTO public.marca_veiculo (codigo, nome) VALUES (53, 'Suzuki');
INSERT INTO public.marca_veiculo (codigo, nome) VALUES (54, 'Yamaha');
INSERT INTO public.marca_veiculo (codigo, nome) VALUES (56, 'KRONORTE');
INSERT INTO public.marca_veiculo (codigo, nome) VALUES (57, 'Tanesfil');
INSERT INTO public.marca_veiculo (codigo, nome) VALUES (58, 'Unicar');
INSERT INTO public.marca_veiculo (codigo, nome) VALUES (59, 'Soufer');
INSERT INTO public.marca_veiculo (codigo, nome) VALUES (60, 'DIVERSOS');
INSERT INTO public.marca_veiculo (codigo, nome) VALUES (62, 'Engesa
');
INSERT INTO public.marca_veiculo (codigo, nome) VALUES (63, 'DAF');
INSERT INTO public.marca_veiculo (codigo, nome) VALUES (64, 'International');
INSERT INTO public.marca_veiculo (codigo, nome) VALUES (65, 'Rossetti');
INSERT INTO public.marca_veiculo (codigo, nome) VALUES (66, 'SR');
INSERT INTO public.marca_veiculo (codigo, nome) VALUES (67, 'Linde');
INSERT INTO public.marca_veiculo (codigo, nome) VALUES (68, 'ANDORINHA');
INSERT INTO public.marca_veiculo (codigo, nome) VALUES (69, 'INDEPENDENTE');
INSERT INTO public.marca_veiculo (codigo, nome) VALUES (70, 'JEEP');
INSERT INTO public.marca_veiculo (codigo, nome) VALUES (71, 'Truckvan');
INSERT INTO public.marca_veiculo (codigo, nome) VALUES (72, 'ALFA');


INSERT INTO public.marca_pneu (codigo, nome) VALUES (1, 'Goodyear');
INSERT INTO public.marca_pneu (codigo, nome) VALUES (2, 'Firestone');
INSERT INTO public.marca_pneu (codigo, nome) VALUES (3, 'Continental');
INSERT INTO public.marca_pneu (codigo, nome) VALUES (4, 'Bridgestone');
INSERT INTO public.marca_pneu (codigo, nome) VALUES (5, 'Formula');
INSERT INTO public.marca_pneu (codigo, nome) VALUES (6, 'Pirelli');
INSERT INTO public.marca_pneu (codigo, nome) VALUES (7, 'Michelin');
INSERT INTO public.marca_pneu (codigo, nome) VALUES (8, 'Marshal');
INSERT INTO public.marca_pneu (codigo, nome) VALUES (9, 'Double Star');
INSERT INTO public.marca_pneu (codigo, nome) VALUES (10, 'Strada');
INSERT INTO public.marca_pneu (codigo, nome) VALUES (11, 'Fate');
INSERT INTO public.marca_pneu (codigo, nome) VALUES (12, 'Dunlop');
INSERT INTO public.marca_pneu (codigo, nome) VALUES (14, 'Cheng Shan');
INSERT INTO public.marca_pneu (codigo, nome) VALUES (164, 'Dayton');
INSERT INTO public.marca_pneu (codigo, nome) VALUES (165, 'Aeolus');
INSERT INTO public.marca_pneu (codigo, nome) VALUES (166, 'DRC');
INSERT INTO public.marca_pneu (codigo, nome) VALUES (167, 'Goodride');
INSERT INTO public.marca_pneu (codigo, nome) VALUES (169, 'Tyrex');
INSERT INTO public.marca_pneu (codigo, nome) VALUES (170, 'Schiffer');
INSERT INTO public.marca_pneu (codigo, nome) VALUES (171, 'Randon');
INSERT INTO public.marca_pneu (codigo, nome) VALUES (173, 'Haulmax');
INSERT INTO public.marca_pneu (codigo, nome) VALUES (174, 'Samson');
INSERT INTO public.marca_pneu (codigo, nome) VALUES (175, 'Armour');
INSERT INTO public.marca_pneu (codigo, nome) VALUES (176, 'BKT');
INSERT INTO public.marca_pneu (codigo, nome) VALUES (177, 'Trelleborg');
INSERT INTO public.marca_pneu (codigo, nome) VALUES (178, 'Simex');
INSERT INTO public.marca_pneu (codigo, nome) VALUES (179, 'Yokohama');
INSERT INTO public.marca_pneu (codigo, nome) VALUES (180, 'Standard');
INSERT INTO public.marca_pneu (codigo, nome) VALUES (182, 'Kelly');
INSERT INTO public.marca_pneu (codigo, nome) VALUES (183, 'BFGoodrich');
INSERT INTO public.marca_pneu (codigo, nome) VALUES (184, 'General');
INSERT INTO public.marca_pneu (codigo, nome) VALUES (185, 'Rodaco');
INSERT INTO public.marca_pneu (codigo, nome) VALUES (186, 'Double Coin');
INSERT INTO public.marca_pneu (codigo, nome) VALUES (187, 'Ceat
');
INSERT INTO public.marca_pneu (codigo, nome) VALUES (188, 'Linglong ');
INSERT INTO public.marca_pneu (codigo, nome) VALUES (189, 'Hankook');
INSERT INTO public.marca_pneu (codigo, nome) VALUES (190, 'Unisol');
INSERT INTO public.marca_pneu (codigo, nome) VALUES (192, 'Magnum
');
INSERT INTO public.marca_pneu (codigo, nome) VALUES (193, 'Gtradial');
INSERT INTO public.marca_pneu (codigo, nome) VALUES (197, 'Solution');
INSERT INTO public.marca_pneu (codigo, nome) VALUES (198, 'Frontrubber');
INSERT INTO public.marca_pneu (codigo, nome) VALUES (199, 'Vipal');
INSERT INTO public.marca_pneu (codigo, nome) VALUES (201, 'Steelmark');
INSERT INTO public.marca_pneu (codigo, nome) VALUES (202, 'Transport');
INSERT INTO public.marca_pneu (codigo, nome) VALUES (203, 'Kargo');
INSERT INTO public.marca_pneu (codigo, nome) VALUES (204, 'Bergounan');
INSERT INTO public.marca_pneu (codigo, nome) VALUES (205, 'Daytona');
INSERT INTO public.marca_pneu (codigo, nome) VALUES (206, 'Uniroyal');
INSERT INTO public.marca_pneu (codigo, nome) VALUES (207, 'Gallant');
INSERT INTO public.marca_pneu (codigo, nome) VALUES (208, 'High Speed');
INSERT INTO public.marca_pneu (codigo, nome) VALUES (209, 'Daewoo');
INSERT INTO public.marca_pneu (codigo, nome) VALUES (211, 'Cantu Pneus
');
INSERT INTO public.marca_pneu (codigo, nome) VALUES (212, 'Triangle');
INSERT INTO public.marca_pneu (codigo, nome) VALUES (213, 'Giti');
INSERT INTO public.marca_pneu (codigo, nome) VALUES (214, 'Vikrant');
INSERT INTO public.marca_pneu (codigo, nome) VALUES (215, 'Maxxis');
INSERT INTO public.marca_pneu (codigo, nome) VALUES (216, 'Long March');
INSERT INTO public.marca_pneu (codigo, nome) VALUES (217, 'Armorsteel');
INSERT INTO public.marca_pneu (codigo, nome) VALUES (218, 'Jetway');
INSERT INTO public.marca_pneu (codigo, nome) VALUES (219, 'Kumho');
INSERT INTO public.marca_pneu (codigo, nome) VALUES (220, 'Chaoyang');
INSERT INTO public.marca_pneu (codigo, nome) VALUES (221, 'Tyrex All Stell');
INSERT INTO public.marca_pneu (codigo, nome) VALUES (222, 'Mastersteel');
INSERT INTO public.marca_pneu (codigo, nome) VALUES (223, 'Estrada');
INSERT INTO public.marca_pneu (codigo, nome) VALUES (224, 'Duratrak');
INSERT INTO public.marca_pneu (codigo, nome) VALUES (225, 'Elosolid');
INSERT INTO public.marca_pneu (codigo, nome) VALUES (226, 'Barum');
INSERT INTO public.marca_pneu (codigo, nome) VALUES (227, 'Apollo');
INSERT INTO public.marca_pneu (codigo, nome) VALUES (228, 'Roadmaster');
INSERT INTO public.marca_pneu (codigo, nome) VALUES (229, 'Levorim');
INSERT INTO public.marca_pneu (codigo, nome) VALUES (230, 'Rinaldi');
INSERT INTO public.marca_pneu (codigo, nome) VALUES (231, 'INDEFINIDO');
INSERT INTO public.marca_pneu (codigo, nome) VALUES (232, 'Aichi');
INSERT INTO public.marca_pneu (codigo, nome) VALUES (233, 'Driver
');
INSERT INTO public.marca_pneu (codigo, nome) VALUES (234, 'Tegrys');
INSERT INTO public.marca_pneu (codigo, nome) VALUES (235, 'Flexityre');
INSERT INTO public.marca_pneu (codigo, nome) VALUES (236, 'Jinyu Tires');
INSERT INTO public.marca_pneu (codigo, nome) VALUES (237, 'Otani');
INSERT INTO public.marca_pneu (codigo, nome) VALUES (238, 'DIVERSAS');
INSERT INTO public.marca_pneu (codigo, nome) VALUES (239, 'Austen');
INSERT INTO public.marca_pneu (codigo, nome) VALUES (241, 'FALKEN');
INSERT INTO public.marca_pneu (codigo, nome) VALUES (242, 'FULDA');
INSERT INTO public.marca_pneu (codigo, nome) VALUES (243, 'KORMORAN');
INSERT INTO public.marca_pneu (codigo, nome) VALUES (244, 'RIKEN');
INSERT INTO public.marca_pneu (codigo, nome) VALUES (245, 'SEMPERITO');
INSERT INTO public.marca_pneu (codigo, nome) VALUES (247, 'STEEL');
INSERT INTO public.marca_pneu (codigo, nome) VALUES (248, 'TOYO');
INSERT INTO public.marca_pneu (codigo, nome) VALUES (249, 'Anteo');
INSERT INTO public.marca_pneu (codigo, nome) VALUES (250, 'GOODRICH');
INSERT INTO public.marca_pneu (codigo, nome) VALUES (251, 'West Lake');
INSERT INTO public.marca_pneu (codigo, nome) VALUES (252, 'Tennant');
INSERT INTO public.marca_pneu (codigo, nome) VALUES (253, 'Sailun');
INSERT INTO public.marca_pneu (codigo, nome) VALUES (254, 'Gripmaster');



INSERT INTO public.regional (codigo, regiao) VALUES (6, 'Norte');
INSERT INTO public.regional (codigo, regiao) VALUES (5, 'Rio');
INSERT INTO public.regional (codigo, regiao) VALUES (4, 'Centro-oeste');
INSERT INTO public.regional (codigo, regiao) VALUES (1, 'Sudeste');
INSERT INTO public.regional (codigo, regiao) VALUES (2, 'Sul');
INSERT INTO public.regional (codigo, regiao) VALUES (3, 'Nordeste');
INSERT INTO public.regional (codigo, regiao) VALUES (7, 'Paraguai');

INSERT INTO public.checklist_alternativa_prioridade (prioridade, prazo) VALUES ('CRITICA', 1);
INSERT INTO public.checklist_alternativa_prioridade (prioridade, prazo) VALUES ('ALTA', 48);
INSERT INTO public.checklist_alternativa_prioridade (prioridade, prazo) VALUES ('BAIXA', 720);

INSERT INTO public.afericao_alternativa_manutencao_inspecao (alternativa, status_ativo) VALUES ('Pneu furado', true);
INSERT INTO public.afericao_alternativa_manutencao_inspecao (alternativa, status_ativo) VALUES ('Estopim com problema', true);
INSERT INTO public.afericao_alternativa_manutencao_inspecao (alternativa, status_ativo) VALUES ('Pneu vazio - sem problema aparente', true);
INSERT INTO public.afericao_alternativa_manutencao_inspecao (alternativa, status_ativo) VALUES ('Sem prolongador', true);

INSERT INTO public.pneu_recapagem_nomenclatura (cod_total_vida, nome) VALUES (1, '1 Recapagem');
INSERT INTO public.pneu_recapagem_nomenclatura (cod_total_vida, nome) VALUES (2, '2 Recapagens');
INSERT INTO public.pneu_recapagem_nomenclatura (cod_total_vida, nome) VALUES (3, '3 Recapagens');
INSERT INTO public.pneu_recapagem_nomenclatura (cod_total_vida, nome) VALUES (4, '4 Recapagens');
INSERT INTO public.pneu_recapagem_nomenclatura (cod_total_vida, nome) VALUES (5, '5 Recapagens');
INSERT INTO public.pneu_recapagem_nomenclatura (cod_total_vida, nome) VALUES (6, '6 Recapagens');
INSERT INTO public.pneu_recapagem_nomenclatura (cod_total_vida, nome) VALUES (7, '7 Recapagens');
INSERT INTO public.pneu_recapagem_nomenclatura (cod_total_vida, nome) VALUES (8, '8 Recapagens');
INSERT INTO public.pneu_recapagem_nomenclatura (cod_total_vida, nome) VALUES (9, '9 Recapagens');
INSERT INTO public.pneu_recapagem_nomenclatura (cod_total_vida, nome) VALUES (10, '10 Recapagens');