--=====================================================================================================================
--=====================================================================================================================

-- FILIAIS
-- Sapucaia do Sul.
INSERT INTO AVILAN.FILIAL (CODIGO, COD_UNIDADE_PROLOG) VALUES(11, 2);
-- Santa Cruz do Sul.
INSERT INTO AVILAN.FILIAL (CODIGO, COD_UNIDADE_PROLOG) VALUES(8, 4);
-- Santa Maria.
INSERT INTO AVILAN.FILIAL (CODIGO, COD_UNIDADE_PROLOG) VALUES(9, 3);

--=====================================================================================================================
--=====================================================================================================================

-- UNIDADES
-- Sapucaia do Sul.
INSERT INTO AVILAN.UNIDADE (CODIGO, COD_FILIAL) VALUES(1, 11);
-- Santa Cruz do Sul.
INSERT INTO AVILAN.UNIDADE (CODIGO, COD_FILIAL) VALUES(1, 8);
-- Santa Maria.
INSERT INTO AVILAN.UNIDADE (CODIGO, COD_FILIAL) VALUES(1, 9);

--=====================================================================================================================
--=====================================================================================================================

-- Mapper de tipo de veículo para o seu diagrama no ProLog.
INSERT INTO AVILAN.VEICULO_TIPO_VEICULO_DIAGRAMA (COD_VEICULO_TIPO, COD_VEICULO_DIAGRAMA_PROLOG) VALUES('CVT',   1);
INSERT INTO AVILAN.VEICULO_TIPO_VEICULO_DIAGRAMA (COD_VEICULO_TIPO, COD_VEICULO_DIAGRAMA_PROLOG) VALUES('CT',    1);

INSERT INTO AVILAN.VEICULO_TIPO_VEICULO_DIAGRAMA (COD_VEICULO_TIPO, COD_VEICULO_DIAGRAMA_PROLOG) VALUES('CVTR',  2);
INSERT INTO AVILAN.VEICULO_TIPO_VEICULO_DIAGRAMA (COD_VEICULO_TIPO, COD_VEICULO_DIAGRAMA_PROLOG) VALUES('CTR',   2);

INSERT INTO AVILAN.VEICULO_TIPO_VEICULO_DIAGRAMA (COD_VEICULO_TIPO, COD_VEICULO_DIAGRAMA_PROLOG) VALUES('C3RRB', 3);
INSERT INTO AVILAN.VEICULO_TIPO_VEICULO_DIAGRAMA (COD_VEICULO_TIPO, COD_VEICULO_DIAGRAMA_PROLOG) VALUES('C3S',   3);
INSERT INTO AVILAN.VEICULO_TIPO_VEICULO_DIAGRAMA (COD_VEICULO_TIPO, COD_VEICULO_DIAGRAMA_PROLOG) VALUES('C3',    3);

INSERT INTO AVILAN.VEICULO_TIPO_VEICULO_DIAGRAMA (COD_VEICULO_TIPO, COD_VEICULO_DIAGRAMA_PROLOG) VALUES('CTR2E', 4);
INSERT INTO AVILAN.VEICULO_TIPO_VEICULO_DIAGRAMA (COD_VEICULO_TIPO, COD_VEICULO_DIAGRAMA_PROLOG) VALUES('CTR2D', 4);

INSERT INTO AVILAN.VEICULO_TIPO_VEICULO_DIAGRAMA (COD_VEICULO_TIPO, COD_VEICULO_DIAGRAMA_PROLOG) VALUES('C2RRR', 5);
INSERT INTO AVILAN.VEICULO_TIPO_VEICULO_DIAGRAMA (COD_VEICULO_TIPO, COD_VEICULO_DIAGRAMA_PROLOG) VALUES('C2RRB', 5);
INSERT INTO AVILAN.VEICULO_TIPO_VEICULO_DIAGRAMA (COD_VEICULO_TIPO, COD_VEICULO_DIAGRAMA_PROLOG) VALUES('C2RCB', 5);
INSERT INTO AVILAN.VEICULO_TIPO_VEICULO_DIAGRAMA (COD_VEICULO_TIPO, COD_VEICULO_DIAGRAMA_PROLOG) VALUES('C2RCR', 5);

--=====================================================================================================================
--=====================================================================================================================

-- Inserts das posições mapeadas
INSERT INTO AVILAN.PNEU_POSICAO_AVILAN_PROLOG(POSICAO_PNEU_AVILAN, POSICAO_PNEU_PROLOG, COD_VEICULO_TIPO) VALUES('TEE', 211, 'CTR2E');
INSERT INTO AVILAN.PNEU_POSICAO_AVILAN_PROLOG(POSICAO_PNEU_AVILAN, POSICAO_PNEU_PROLOG, COD_VEICULO_TIPO) VALUES('EST_1', 900, 'CTR2E');
INSERT INTO AVILAN.PNEU_POSICAO_AVILAN_PROLOG(POSICAO_PNEU_AVILAN, POSICAO_PNEU_PROLOG, COD_VEICULO_TIPO) VALUES('4_DE', 421, 'CTR2E');
INSERT INTO AVILAN.PNEU_POSICAO_AVILAN_PROLOG(POSICAO_PNEU_AVILAN, POSICAO_PNEU_PROLOG, COD_VEICULO_TIPO) VALUES('4_EE', 411, 'CTR2E');
INSERT INTO AVILAN.PNEU_POSICAO_AVILAN_PROLOG(POSICAO_PNEU_AVILAN, POSICAO_PNEU_PROLOG, COD_VEICULO_TIPO) VALUES('TDE', 221, 'CTR2E');
INSERT INTO AVILAN.PNEU_POSICAO_AVILAN_PROLOG(POSICAO_PNEU_AVILAN, POSICAO_PNEU_PROLOG, COD_VEICULO_TIPO) VALUES('2_DE', 211, 'CTR2E');
INSERT INTO AVILAN.PNEU_POSICAO_AVILAN_PROLOG(POSICAO_PNEU_AVILAN, POSICAO_PNEU_PROLOG, COD_VEICULO_TIPO) VALUES('DE', 111, 'CTR2E');
INSERT INTO AVILAN.PNEU_POSICAO_AVILAN_PROLOG(POSICAO_PNEU_AVILAN, POSICAO_PNEU_PROLOG, COD_VEICULO_TIPO) VALUES('DD', 121, 'CTR2E');
INSERT INTO AVILAN.PNEU_POSICAO_AVILAN_PROLOG(POSICAO_PNEU_AVILAN, POSICAO_PNEU_PROLOG, COD_VEICULO_TIPO) VALUES('2_DD', 221, 'CTR2E');
INSERT INTO AVILAN.PNEU_POSICAO_AVILAN_PROLOG(POSICAO_PNEU_AVILAN, POSICAO_PNEU_PROLOG, COD_VEICULO_TIPO) VALUES('TEI', 212, 'CTR2E');
INSERT INTO AVILAN.PNEU_POSICAO_AVILAN_PROLOG(POSICAO_PNEU_AVILAN, POSICAO_PNEU_PROLOG, COD_VEICULO_TIPO) VALUES('TDI', 222, 'CTR2E');
INSERT INTO AVILAN.PNEU_POSICAO_AVILAN_PROLOG(POSICAO_PNEU_AVILAN, POSICAO_PNEU_PROLOG, COD_VEICULO_TIPO) VALUES('4_EI', 412, 'CTR2E');
INSERT INTO AVILAN.PNEU_POSICAO_AVILAN_PROLOG(POSICAO_PNEU_AVILAN, POSICAO_PNEU_PROLOG, COD_VEICULO_TIPO) VALUES('4_DI', 422, 'CTR2E');
INSERT INTO AVILAN.PNEU_POSICAO_AVILAN_PROLOG(POSICAO_PNEU_AVILAN, POSICAO_PNEU_PROLOG, COD_VEICULO_TIPO) VALUES('3_DI', 322, 'CVTR');
INSERT INTO AVILAN.PNEU_POSICAO_AVILAN_PROLOG(POSICAO_PNEU_AVILAN, POSICAO_PNEU_PROLOG, COD_VEICULO_TIPO) VALUES('3_EE', 311, 'CVTR');
INSERT INTO AVILAN.PNEU_POSICAO_AVILAN_PROLOG(POSICAO_PNEU_AVILAN, POSICAO_PNEU_PROLOG, COD_VEICULO_TIPO) VALUES('3_DE', 321, 'CVTR');
INSERT INTO AVILAN.PNEU_POSICAO_AVILAN_PROLOG(POSICAO_PNEU_AVILAN, POSICAO_PNEU_PROLOG, COD_VEICULO_TIPO) VALUES('3_EI', 312, 'CVTR');
INSERT INTO AVILAN.PNEU_POSICAO_AVILAN_PROLOG(POSICAO_PNEU_AVILAN, POSICAO_PNEU_PROLOG, COD_VEICULO_TIPO) VALUES('TDI', 222, 'CVTR');
INSERT INTO AVILAN.PNEU_POSICAO_AVILAN_PROLOG(POSICAO_PNEU_AVILAN, POSICAO_PNEU_PROLOG, COD_VEICULO_TIPO) VALUES('TDE', 221, 'CVTR');
INSERT INTO AVILAN.PNEU_POSICAO_AVILAN_PROLOG(POSICAO_PNEU_AVILAN, POSICAO_PNEU_PROLOG, COD_VEICULO_TIPO) VALUES('TEI', 212, 'CVTR');
INSERT INTO AVILAN.PNEU_POSICAO_AVILAN_PROLOG(POSICAO_PNEU_AVILAN, POSICAO_PNEU_PROLOG, COD_VEICULO_TIPO) VALUES('TEE', 211, 'CVTR');
INSERT INTO AVILAN.PNEU_POSICAO_AVILAN_PROLOG(POSICAO_PNEU_AVILAN, POSICAO_PNEU_PROLOG, COD_VEICULO_TIPO) VALUES('DD', 121, 'CVTR');
INSERT INTO AVILAN.PNEU_POSICAO_AVILAN_PROLOG(POSICAO_PNEU_AVILAN, POSICAO_PNEU_PROLOG, COD_VEICULO_TIPO) VALUES('DE', 111, 'CVTR');
INSERT INTO AVILAN.PNEU_POSICAO_AVILAN_PROLOG(POSICAO_PNEU_AVILAN, POSICAO_PNEU_PROLOG, COD_VEICULO_TIPO) VALUES('B_EI', 312, 'C3');
INSERT INTO AVILAN.PNEU_POSICAO_AVILAN_PROLOG(POSICAO_PNEU_AVILAN, POSICAO_PNEU_PROLOG, COD_VEICULO_TIPO) VALUES('EST_1', 900, 'C3');
INSERT INTO AVILAN.PNEU_POSICAO_AVILAN_PROLOG(POSICAO_PNEU_AVILAN, POSICAO_PNEU_PROLOG, COD_VEICULO_TIPO) VALUES('B_EE', 311, 'C3');
INSERT INTO AVILAN.PNEU_POSICAO_AVILAN_PROLOG(POSICAO_PNEU_AVILAN, POSICAO_PNEU_PROLOG, COD_VEICULO_TIPO) VALUES('A_EE', 211, 'C3');
INSERT INTO AVILAN.PNEU_POSICAO_AVILAN_PROLOG(POSICAO_PNEU_AVILAN, POSICAO_PNEU_PROLOG, COD_VEICULO_TIPO) VALUES('A_EI', 212, 'C3');
INSERT INTO AVILAN.PNEU_POSICAO_AVILAN_PROLOG(POSICAO_PNEU_AVILAN, POSICAO_PNEU_PROLOG, COD_VEICULO_TIPO) VALUES('A_DE', 221, 'C3');
INSERT INTO AVILAN.PNEU_POSICAO_AVILAN_PROLOG(POSICAO_PNEU_AVILAN, POSICAO_PNEU_PROLOG, COD_VEICULO_TIPO) VALUES('A_DI', 222, 'C3');
INSERT INTO AVILAN.PNEU_POSICAO_AVILAN_PROLOG(POSICAO_PNEU_AVILAN, POSICAO_PNEU_PROLOG, COD_VEICULO_TIPO) VALUES('C_EI', 412, 'C3');
INSERT INTO AVILAN.PNEU_POSICAO_AVILAN_PROLOG(POSICAO_PNEU_AVILAN, POSICAO_PNEU_PROLOG, COD_VEICULO_TIPO) VALUES('B_DI', 322, 'C3');
INSERT INTO AVILAN.PNEU_POSICAO_AVILAN_PROLOG(POSICAO_PNEU_AVILAN, POSICAO_PNEU_PROLOG, COD_VEICULO_TIPO) VALUES('C_EE', 411, 'C3');
INSERT INTO AVILAN.PNEU_POSICAO_AVILAN_PROLOG(POSICAO_PNEU_AVILAN, POSICAO_PNEU_PROLOG, COD_VEICULO_TIPO) VALUES('B_DE', 321, 'C3');
INSERT INTO AVILAN.PNEU_POSICAO_AVILAN_PROLOG(POSICAO_PNEU_AVILAN, POSICAO_PNEU_PROLOG, COD_VEICULO_TIPO) VALUES('TEE', 211, 'CTR');
INSERT INTO AVILAN.PNEU_POSICAO_AVILAN_PROLOG(POSICAO_PNEU_AVILAN, POSICAO_PNEU_PROLOG, COD_VEICULO_TIPO) VALUES('TDE', 221, 'CTR');
INSERT INTO AVILAN.PNEU_POSICAO_AVILAN_PROLOG(POSICAO_PNEU_AVILAN, POSICAO_PNEU_PROLOG, COD_VEICULO_TIPO) VALUES('3_EE', 311, 'CTR');
INSERT INTO AVILAN.PNEU_POSICAO_AVILAN_PROLOG(POSICAO_PNEU_AVILAN, POSICAO_PNEU_PROLOG, COD_VEICULO_TIPO) VALUES('3_EI', 312, 'CTR');
INSERT INTO AVILAN.PNEU_POSICAO_AVILAN_PROLOG(POSICAO_PNEU_AVILAN, POSICAO_PNEU_PROLOG, COD_VEICULO_TIPO) VALUES('3_DE', 321, 'CTR');
INSERT INTO AVILAN.PNEU_POSICAO_AVILAN_PROLOG(POSICAO_PNEU_AVILAN, POSICAO_PNEU_PROLOG, COD_VEICULO_TIPO) VALUES('3_DI', 322, 'CTR');
INSERT INTO AVILAN.PNEU_POSICAO_AVILAN_PROLOG(POSICAO_PNEU_AVILAN, POSICAO_PNEU_PROLOG, COD_VEICULO_TIPO) VALUES('EST_1', 900, 'CTR');
INSERT INTO AVILAN.PNEU_POSICAO_AVILAN_PROLOG(POSICAO_PNEU_AVILAN, POSICAO_PNEU_PROLOG, COD_VEICULO_TIPO) VALUES('TEI', 212, 'CTR');
INSERT INTO AVILAN.PNEU_POSICAO_AVILAN_PROLOG(POSICAO_PNEU_AVILAN, POSICAO_PNEU_PROLOG, COD_VEICULO_TIPO) VALUES('DE', 111, 'CTR');
INSERT INTO AVILAN.PNEU_POSICAO_AVILAN_PROLOG(POSICAO_PNEU_AVILAN, POSICAO_PNEU_PROLOG, COD_VEICULO_TIPO) VALUES('DD', 121, 'CTR');
INSERT INTO AVILAN.PNEU_POSICAO_AVILAN_PROLOG(POSICAO_PNEU_AVILAN, POSICAO_PNEU_PROLOG, COD_VEICULO_TIPO) VALUES('TDI', 222, 'CTR');

INSERT INTO AVILAN.PNEU_POSICAO_AVILAN_PROLOG(POSICAO_PNEU_AVILAN, POSICAO_PNEU_PROLOG, COD_VEICULO_TIPO) VALUES('DE', 111, 'CT');
INSERT INTO AVILAN.PNEU_POSICAO_AVILAN_PROLOG(POSICAO_PNEU_AVILAN, POSICAO_PNEU_PROLOG, COD_VEICULO_TIPO) VALUES('DD', 121, 'CT');
INSERT INTO AVILAN.PNEU_POSICAO_AVILAN_PROLOG(POSICAO_PNEU_AVILAN, POSICAO_PNEU_PROLOG, COD_VEICULO_TIPO) VALUES('TEE', 211, 'CT');
INSERT INTO AVILAN.PNEU_POSICAO_AVILAN_PROLOG(POSICAO_PNEU_AVILAN, POSICAO_PNEU_PROLOG, COD_VEICULO_TIPO) VALUES('TEI', 212, 'CT');
INSERT INTO AVILAN.PNEU_POSICAO_AVILAN_PROLOG(POSICAO_PNEU_AVILAN, POSICAO_PNEU_PROLOG, COD_VEICULO_TIPO) VALUES('TDI', 222, 'CT');
INSERT INTO AVILAN.PNEU_POSICAO_AVILAN_PROLOG(POSICAO_PNEU_AVILAN, POSICAO_PNEU_PROLOG, COD_VEICULO_TIPO) VALUES('TDE', 221, 'CT');
INSERT INTO AVILAN.PNEU_POSICAO_AVILAN_PROLOG(POSICAO_PNEU_AVILAN, POSICAO_PNEU_PROLOG, COD_VEICULO_TIPO) VALUES('EST_1', 900, 'CT');

INSERT INTO AVILAN.PNEU_POSICAO_AVILAN_PROLOG(POSICAO_PNEU_AVILAN, POSICAO_PNEU_PROLOG, COD_VEICULO_TIPO) VALUES('EST_2', 901, 'CT');
INSERT INTO AVILAN.PNEU_POSICAO_AVILAN_PROLOG(POSICAO_PNEU_AVILAN, POSICAO_PNEU_PROLOG, COD_VEICULO_TIPO) VALUES('EST_3', 902, 'CT');
INSERT INTO AVILAN.PNEU_POSICAO_AVILAN_PROLOG(POSICAO_PNEU_AVILAN, POSICAO_PNEU_PROLOG, COD_VEICULO_TIPO) VALUES('EST_4', 903, 'CT');
INSERT INTO AVILAN.PNEU_POSICAO_AVILAN_PROLOG(POSICAO_PNEU_AVILAN, POSICAO_PNEU_PROLOG, COD_VEICULO_TIPO) VALUES('EST_5', 904, 'CT');

INSERT INTO AVILAN.PNEU_POSICAO_AVILAN_PROLOG(POSICAO_PNEU_AVILAN, POSICAO_PNEU_PROLOG, COD_VEICULO_TIPO) VALUES('EST_2', 901, 'CTR');
INSERT INTO AVILAN.PNEU_POSICAO_AVILAN_PROLOG(POSICAO_PNEU_AVILAN, POSICAO_PNEU_PROLOG, COD_VEICULO_TIPO) VALUES('EST_3', 902, 'CTR');
INSERT INTO AVILAN.PNEU_POSICAO_AVILAN_PROLOG(POSICAO_PNEU_AVILAN, POSICAO_PNEU_PROLOG, COD_VEICULO_TIPO) VALUES('EST_4', 903, 'CTR');
INSERT INTO AVILAN.PNEU_POSICAO_AVILAN_PROLOG(POSICAO_PNEU_AVILAN, POSICAO_PNEU_PROLOG, COD_VEICULO_TIPO) VALUES('EST_5', 904, 'CTR');

INSERT INTO AVILAN.PNEU_POSICAO_AVILAN_PROLOG(POSICAO_PNEU_AVILAN, POSICAO_PNEU_PROLOG, COD_VEICULO_TIPO) VALUES('EST_2', 901, 'C3');
INSERT INTO AVILAN.PNEU_POSICAO_AVILAN_PROLOG(POSICAO_PNEU_AVILAN, POSICAO_PNEU_PROLOG, COD_VEICULO_TIPO) VALUES('EST_3', 902, 'C3');
INSERT INTO AVILAN.PNEU_POSICAO_AVILAN_PROLOG(POSICAO_PNEU_AVILAN, POSICAO_PNEU_PROLOG, COD_VEICULO_TIPO) VALUES('EST_4', 903, 'C3');
INSERT INTO AVILAN.PNEU_POSICAO_AVILAN_PROLOG(POSICAO_PNEU_AVILAN, POSICAO_PNEU_PROLOG, COD_VEICULO_TIPO) VALUES('EST_5', 904, 'C3');

INSERT INTO AVILAN.PNEU_POSICAO_AVILAN_PROLOG(POSICAO_PNEU_AVILAN, POSICAO_PNEU_PROLOG, COD_VEICULO_TIPO) VALUES('EST_2', 901, 'CVTR');
INSERT INTO AVILAN.PNEU_POSICAO_AVILAN_PROLOG(POSICAO_PNEU_AVILAN, POSICAO_PNEU_PROLOG, COD_VEICULO_TIPO) VALUES('EST_3', 902, 'CVTR');
INSERT INTO AVILAN.PNEU_POSICAO_AVILAN_PROLOG(POSICAO_PNEU_AVILAN, POSICAO_PNEU_PROLOG, COD_VEICULO_TIPO) VALUES('EST_4', 903, 'CVTR');
INSERT INTO AVILAN.PNEU_POSICAO_AVILAN_PROLOG(POSICAO_PNEU_AVILAN, POSICAO_PNEU_PROLOG, COD_VEICULO_TIPO) VALUES('EST_5', 904, 'CVTR');

INSERT INTO AVILAN.PNEU_POSICAO_AVILAN_PROLOG(POSICAO_PNEU_AVILAN, POSICAO_PNEU_PROLOG, COD_VEICULO_TIPO) VALUES('EST_2', 901, 'CTR2E');
INSERT INTO AVILAN.PNEU_POSICAO_AVILAN_PROLOG(POSICAO_PNEU_AVILAN, POSICAO_PNEU_PROLOG, COD_VEICULO_TIPO) VALUES('EST_3', 902, 'CTR2E');
INSERT INTO AVILAN.PNEU_POSICAO_AVILAN_PROLOG(POSICAO_PNEU_AVILAN, POSICAO_PNEU_PROLOG, COD_VEICULO_TIPO) VALUES('EST_4', 903, 'CTR2E');
INSERT INTO AVILAN.PNEU_POSICAO_AVILAN_PROLOG(POSICAO_PNEU_AVILAN, POSICAO_PNEU_PROLOG, COD_VEICULO_TIPO) VALUES('EST_5', 904, 'CTR2E');

INSERT INTO AVILAN.PNEU_POSICAO_AVILAN_PROLOG(POSICAO_PNEU_AVILAN, POSICAO_PNEU_PROLOG, COD_VEICULO_TIPO) VALUES('C_DI', 422, 'C3');

--=====================================================================================================================
--=====================================================================================================================

-- Inserts dos tipos de veículo
INSERT INTO AVILAN.VEICULO_TIPO (CODIGO, DESCRICAO) VALUES ('A2', 'A');
INSERT INTO AVILAN.VEICULO_TIPO (CODIGO, DESCRICAO) VALUES ('A', 'AUTOMÓVEL');
INSERT INTO AVILAN.VEICULO_TIPO (CODIGO, DESCRICAO) VALUES ('CT', 'CAMINHÃO TOCO');
INSERT INTO AVILAN.VEICULO_TIPO (CODIGO, DESCRICAO) VALUES ('CTU', 'CAMINHÃO TOCO (ROMEU)');
INSERT INTO AVILAN.VEICULO_TIPO (CODIGO, DESCRICAO) VALUES ('CTR', 'CAMINHÃO TRUCK');
INSERT INTO AVILAN.VEICULO_TIPO (CODIGO, DESCRICAO) VALUES ('CTR2E', 'CAMINHÃO TRUCK 2 EIXOS DIANTEIROS, TRAÇADO');
INSERT INTO AVILAN.VEICULO_TIPO (CODIGO, DESCRICAO) VALUES ('CTR2D', 'CAMINHÃO TRUCK DE 2 EIXOS DIANTEIROS');
INSERT INTO AVILAN.VEICULO_TIPO (CODIGO, DESCRICAO) VALUES ('CTRU', 'CAMINHÃO TRUCK (ROMEU)');
INSERT INTO AVILAN.VEICULO_TIPO (CODIGO, DESCRICAO) VALUES ('CAMI', 'CAMINHONETA');
INSERT INTO AVILAN.VEICULO_TIPO (CODIGO, DESCRICAO) VALUES ('CAMIS', 'CAMINHONETE EIXO TRASEIRO COM RODADO SIMPLES');
INSERT INTO AVILAN.VEICULO_TIPO (CODIGO, DESCRICAO) VALUES ('C1', 'CARRETA 1 EIXO');
INSERT INTO AVILAN.VEICULO_TIPO (CODIGO, DESCRICAO) VALUES ('C1J', 'CARRETA 1 EIXO (JULIETA )');
INSERT INTO AVILAN.VEICULO_TIPO (CODIGO, DESCRICAO) VALUES ('C2', 'CARRETA 2 EIXOS');
INSERT INTO AVILAN.VEICULO_TIPO (CODIGO, DESCRICAO) VALUES ('C2J', 'CARRETA 2 EIXOS (JULIETA)');
INSERT INTO AVILAN.VEICULO_TIPO (CODIGO, DESCRICAO) VALUES ('C2RCB', 'CARRETA 2 EIXOS REBOCADA (BTREM)');
INSERT INTO AVILAN.VEICULO_TIPO (CODIGO, DESCRICAO) VALUES ('C2RCR', 'CARRETA 2 EIXOS REBOCADA (RODOTREM)');
INSERT INTO AVILAN.VEICULO_TIPO (CODIGO, DESCRICAO) VALUES ('C2RRB', 'CARRETA 2 EIXOS REBOCADORA (BTREM)');
INSERT INTO AVILAN.VEICULO_TIPO (CODIGO, DESCRICAO) VALUES ('C2RRR', 'CARRETA 2 EIXOS REBOCADORA (RODOTREM)');
INSERT INTO AVILAN.VEICULO_TIPO (CODIGO, DESCRICAO) VALUES ('C3', 'CARRETA 3 EIXOS');
INSERT INTO AVILAN.VEICULO_TIPO (CODIGO, DESCRICAO) VALUES ('C3RCB', 'CARRETA 3 EIXOS REBOCADA (BITREM)');
INSERT INTO AVILAN.VEICULO_TIPO (CODIGO, DESCRICAO) VALUES ('C3RRB', 'CARRETA 3 EIXOS REBOCADORA (BITREM)');
INSERT INTO AVILAN.VEICULO_TIPO (CODIGO, DESCRICAO) VALUES ('C3S', 'CARRETA 3 EIXOS SINGLE');
INSERT INTO AVILAN.VEICULO_TIPO (CODIGO, DESCRICAO) VALUES ('C4', 'CARRETA 4 EIXOS');
INSERT INTO AVILAN.VEICULO_TIPO (CODIGO, DESCRICAO) VALUES ('C6', 'CARRETA 6 EIXOS');
INSERT INTO AVILAN.VEICULO_TIPO (CODIGO, DESCRICAO) VALUES ('C8', 'CARRETA 8 EIXOS');
INSERT INTO AVILAN.VEICULO_TIPO (CODIGO, DESCRICAO) VALUES ('CVT', 'CAVALO TOCO');
INSERT INTO AVILAN.VEICULO_TIPO (CODIGO, DESCRICAO) VALUES ('CVTR', 'CAVALO TRUCK');
INSERT INTO AVILAN.VEICULO_TIPO (CODIGO, DESCRICAO) VALUES ('CVTR2', 'CAVALO TRUCK DE 2 EIXOS DIANTEIROS');
INSERT INTO AVILAN.VEICULO_TIPO (CODIGO, DESCRICAO) VALUES ('D1', 'DOLEM 1 EIXO');
INSERT INTO AVILAN.VEICULO_TIPO (CODIGO, DESCRICAO) VALUES ('D2', 'DOLEM 2 EIXOS');
INSERT INTO AVILAN.VEICULO_TIPO (CODIGO, DESCRICAO) VALUES ('EMP', 'EMPILHADEIRA');
INSERT INTO AVILAN.VEICULO_TIPO (CODIGO, DESCRICAO) VALUES ('EMPPP', 'EMPILHADEIRA');
INSERT INTO AVILAN.VEICULO_TIPO (CODIGO, DESCRICAO) VALUES ('EMPR', 'EMPILHADEIRA EIXO DIANTEIRO COM RODADO DUPLO');
INSERT INTO AVILAN.VEICULO_TIPO (CODIGO, DESCRICAO) VALUES ('ME', 'MÁQUINAS/EQUIPAMENTOS');
INSERT INTO AVILAN.VEICULO_TIPO (CODIGO, DESCRICAO) VALUES ('MIO', 'MICRO-ÔNIBUS');
INSERT INTO AVILAN.VEICULO_TIPO (CODIGO, DESCRICAO) VALUES ('MIOTS', 'MICRO-ÔNIBUS EIXO TRASEIRO COM RODADO SIMPLES');
INSERT INTO AVILAN.VEICULO_TIPO (CODIGO, DESCRICAO) VALUES ('M', 'MOTO');
INSERT INTO AVILAN.VEICULO_TIPO (CODIGO, DESCRICAO) VALUES ('O2ED', 'ÔNIBUS DE 2 EIXOS DIANTEIROS E 2 RODAS NO 4º EIXO');
INSERT INTO AVILAN.VEICULO_TIPO (CODIGO, DESCRICAO) VALUES ('O2R2E', 'ÔNIBUS DE 2 RODAS NO 2º EIXO');
INSERT INTO AVILAN.VEICULO_TIPO (CODIGO, DESCRICAO) VALUES ('O2R3E', 'ÔNIBUS DE 2 RODAS NO 3º EIXO');
INSERT INTO AVILAN.VEICULO_TIPO (CODIGO, DESCRICAO) VALUES ('OT', 'ÔNIBUS TOCO');
INSERT INTO AVILAN.VEICULO_TIPO (CODIGO, DESCRICAO) VALUES ('OTR', 'ÔNIBUS TRUCK');
INSERT INTO AVILAN.VEICULO_TIPO (CODIGO, DESCRICAO) VALUES ('PAL', 'PALETEIRAS');
INSERT INTO AVILAN.VEICULO_TIPO (CODIGO, DESCRICAO) VALUES ('R1', 'REBOQUE 1 EIXO');
INSERT INTO AVILAN.VEICULO_TIPO (CODIGO, DESCRICAO) VALUES ('R2', 'REBOQUE 2 EIXOS');
INSERT INTO AVILAN.VEICULO_TIPO (CODIGO, DESCRICAO) VALUES ('TES', 'TES');
INSERT INTO AVILAN.VEICULO_TIPO (CODIGO, DESCRICAO) VALUES ('112', 'TESTE');
INSERT INTO AVILAN.VEICULO_TIPO (CODIGO, DESCRICAO) VALUES ('TRA', 'TRATOR');

--=====================================================================================================================
--=====================================================================================================================

-- Inserts para as posições dos pneus usadas na Avilan
INSERT INTO AVILAN.PNEU_POSICAO (POSICAO_PNEU) VALUES ('DE');
INSERT INTO AVILAN.PNEU_POSICAO (POSICAO_PNEU) VALUES ('2ºEE');
INSERT INTO AVILAN.PNEU_POSICAO (POSICAO_PNEU) VALUES ('2ºEI');
INSERT INTO AVILAN.PNEU_POSICAO (POSICAO_PNEU) VALUES ('3_EE');
INSERT INTO AVILAN.PNEU_POSICAO (POSICAO_PNEU) VALUES ('3_EI');
INSERT INTO AVILAN.PNEU_POSICAO (POSICAO_PNEU) VALUES ('3_DE');
INSERT INTO AVILAN.PNEU_POSICAO (POSICAO_PNEU) VALUES ('3_DI');
INSERT INTO AVILAN.PNEU_POSICAO (POSICAO_PNEU) VALUES ('2ºDE');
INSERT INTO AVILAN.PNEU_POSICAO (POSICAO_PNEU) VALUES ('2ºDI');
INSERT INTO AVILAN.PNEU_POSICAO (POSICAO_PNEU) VALUES ('DD');
INSERT INTO AVILAN.PNEU_POSICAO (POSICAO_PNEU) VALUES ('TDE');
INSERT INTO AVILAN.PNEU_POSICAO (POSICAO_PNEU) VALUES ('TDI');
INSERT INTO AVILAN.PNEU_POSICAO (POSICAO_PNEU) VALUES ('TEE');
INSERT INTO AVILAN.PNEU_POSICAO (POSICAO_PNEU) VALUES ('TEI');
INSERT INTO AVILAN.PNEU_POSICAO (POSICAO_PNEU) VALUES ('2_DD');
INSERT INTO AVILAN.PNEU_POSICAO (POSICAO_PNEU) VALUES ('2_DE');
INSERT INTO AVILAN.PNEU_POSICAO (POSICAO_PNEU) VALUES ('4_EE');
INSERT INTO AVILAN.PNEU_POSICAO (POSICAO_PNEU) VALUES ('4_EI');
INSERT INTO AVILAN.PNEU_POSICAO (POSICAO_PNEU) VALUES ('4_DI');
INSERT INTO AVILAN.PNEU_POSICAO (POSICAO_PNEU) VALUES ('4_DE');
INSERT INTO AVILAN.PNEU_POSICAO (POSICAO_PNEU) VALUES ('EST_1');
INSERT INTO AVILAN.PNEU_POSICAO (POSICAO_PNEU) VALUES ('EST_2');
INSERT INTO AVILAN.PNEU_POSICAO (POSICAO_PNEU) VALUES ('EST_3');
INSERT INTO AVILAN.PNEU_POSICAO (POSICAO_PNEU) VALUES ('EST_4');
INSERT INTO AVILAN.PNEU_POSICAO (POSICAO_PNEU) VALUES ('EST_5');
INSERT INTO AVILAN.PNEU_POSICAO (POSICAO_PNEU) VALUES ('A_EE');
INSERT INTO AVILAN.PNEU_POSICAO (POSICAO_PNEU) VALUES ('A_EI');
INSERT INTO AVILAN.PNEU_POSICAO (POSICAO_PNEU) VALUES ('B_EE');
INSERT INTO AVILAN.PNEU_POSICAO (POSICAO_PNEU) VALUES ('B_EI');
INSERT INTO AVILAN.PNEU_POSICAO (POSICAO_PNEU) VALUES ('C_EE');
INSERT INTO AVILAN.PNEU_POSICAO (POSICAO_PNEU) VALUES ('C_EI');
INSERT INTO AVILAN.PNEU_POSICAO (POSICAO_PNEU) VALUES ('C_DE');
INSERT INTO AVILAN.PNEU_POSICAO (POSICAO_PNEU) VALUES ('C_DI');
INSERT INTO AVILAN.PNEU_POSICAO (POSICAO_PNEU) VALUES ('B_DE');
INSERT INTO AVILAN.PNEU_POSICAO (POSICAO_PNEU) VALUES ('B_DI');
INSERT INTO AVILAN.PNEU_POSICAO (POSICAO_PNEU) VALUES ('A_DE');
INSERT INTO AVILAN.PNEU_POSICAO (POSICAO_PNEU) VALUES ('A_DI');

--=====================================================================================================================
--=====================================================================================================================