--=====================================================================================================================
--=====================================================================================================================

-- FILIAIS
-- Sapucaia do Sul.
INSERT INTO AVILAN.FILIAL (CODIGO, COD_UNIDADE_PROLOG) VALUES(11, 2);
-- Santa Cruz do Sul.
INSERT INTO AVILAN.FILIAL (CODIGO, COD_UNIDADE_PROLOG) VALUES(8, 4);

--=====================================================================================================================
--=====================================================================================================================

-- UNIDADES
-- Sapucaia do Sul.
INSERT INTO AVILAN.UNIDADE (CODIGO, COD_FILIAL) VALUES(1, 11);
-- Santa Cruz do Sul.
INSERT INTO AVILAN.UNIDADE (CODIGO, COD_FILIAL) VALUES(1, 8);

--=====================================================================================================================
--=====================================================================================================================

-- Mapper de tipo de veículo para o seu diagrama no ProLog.
INSERT INTO AVILAN.VEICULO_TIPO_VEICULO_DIAGRAMA (COD_VEICULO_TIPO, COD_VEICULO_DIAGRAMA_PROLOG) VALUES('CVT',   1);
INSERT INTO AVILAN.VEICULO_TIPO_VEICULO_DIAGRAMA (COD_VEICULO_TIPO, COD_VEICULO_DIAGRAMA_PROLOG) VALUES('CT',    1);

INSERT INTO AVILAN.VEICULO_TIPO_VEICULO_DIAGRAMA (COD_VEICULO_TIPO, COD_VEICULO_DIAGRAMA_PROLOG) VALUES('CVTR',  2);
INSERT INTO AVILAN.VEICULO_TIPO_VEICULO_DIAGRAMA (COD_VEICULO_TIPO, COD_VEICULO_DIAGRAMA_PROLOG) VALUES('CTR',   2);

INSERT INTO AVILAN.VEICULO_TIPO_VEICULO_DIAGRAMA (COD_VEICULO_TIPO, COD_VEICULO_DIAGRAMA_PROLOG) VALUES('C3RRB', 3);
INSERT INTO AVILAN.VEICULO_TIPO_VEICULO_DIAGRAMA (COD_VEICULO_TIPO, COD_VEICULO_DIAGRAMA_PROLOG) VALUES('C3S',   3);
INSERT INTO AVILAN.VEICULO_TIPO_VEICULO_DIAGRAMA (COD_VEICULO_TIPO, COD_VEICULO_DIAGRAMA_PROLOG) VALUES('C3',    3);

INSERT INTO AVILAN.VEICULO_TIPO_VEICULO_DIAGRAMA (COD_VEICULO_TIPO, COD_VEICULO_DIAGRAMA_PROLOG) VALUES('CTR2E', 4);
INSERT INTO AVILAN.VEICULO_TIPO_VEICULO_DIAGRAMA (COD_VEICULO_TIPO, COD_VEICULO_DIAGRAMA_PROLOG) VALUES('CTR2D', 4);

INSERT INTO AVILAN.VEICULO_TIPO_VEICULO_DIAGRAMA (COD_VEICULO_TIPO, COD_VEICULO_DIAGRAMA_PROLOG) VALUES('C2RRR', 5);
INSERT INTO AVILAN.VEICULO_TIPO_VEICULO_DIAGRAMA (COD_VEICULO_TIPO, COD_VEICULO_DIAGRAMA_PROLOG) VALUES('C2RRB', 5);
INSERT INTO AVILAN.VEICULO_TIPO_VEICULO_DIAGRAMA (COD_VEICULO_TIPO, COD_VEICULO_DIAGRAMA_PROLOG) VALUES('C2RCB', 5);
INSERT INTO AVILAN.VEICULO_TIPO_VEICULO_DIAGRAMA (COD_VEICULO_TIPO, COD_VEICULO_DIAGRAMA_PROLOG) VALUES('C2RCR', 5);

--=====================================================================================================================
--=====================================================================================================================

-- Criação da tabela para armazenar o mapeamento das posições
CREATE TABLE IF NOT EXISTS AVILAN.PNEU_POSICAO_AVILAN_PROLOG (
  POSICAO_PNEU_AVILAN VARCHAR(10) NOT NULL,
  POSICAO_PNEU_PROLOG SMALLINT NOT NULL,
  COD_VEICULO_TIPO VARCHAR(5) NOT NULL,
  CONSTRAINT PK_PNEU_POSICAO_AVILAN_PROLOG PRIMARY KEY (POSICAO_PNEU_AVILAN, POSICAO_PNEU_PROLOG, COD_VEICULO_TIPO),
  CONSTRAINT FK_PNEU_POSICAO_AVILAN_PROLOG_PNEU_POSICAO_PROLOG FOREIGN KEY (POSICAO_PNEU_PROLOG)
  REFERENCES PUBLIC.PNEU_POSICAO(POSICAO_PNEU),
  CONSTRAINT FK_PNEU_POSICAO_AVILAN_PROLOG_PNEU_POSICAO_AVILAN FOREIGN KEY (POSICAO_PNEU_AVILAN)
  REFERENCES AVILAN.PNEU_POSICAO(POSICAO_PNEU),
  CONSTRAINT FK_PNEU_POSICAO_AVILAN_PROLOG_VEICULO_TIPO_AVILAN FOREIGN KEY (COD_VEICULO_TIPO)
  REFERENCES AVILAN.VEICULO_TIPO(CODIGO)
);

-- Inserts das posições mapeadas
INSERT INTO AVILAN.PNEU_POSICAO_AVILAN_PROLOG(POSICAO_PNEU_AVILAN, POSICAO_PNEU_PROLOG, COD_VEICULO_TIPO) VALUES('TEE', 211, 'CTR2E');
INSERT INTO AVILAN.PNEU_POSICAO_AVILAN_PROLOG(POSICAO_PNEU_AVILAN, POSICAO_PNEU_PROLOG, COD_VEICULO_TIPO) VALUES('EST_1', 900, 'CTR2E');
INSERT INTO AVILAN.PNEU_POSICAO_AVILAN_PROLOG(POSICAO_PNEU_AVILAN, POSICAO_PNEU_PROLOG, COD_VEICULO_TIPO) VALUES('4_DE', 421, 'CTR2E');
INSERT INTO AVILAN.PNEU_POSICAO_AVILAN_PROLOG(POSICAO_PNEU_AVILAN, POSICAO_PNEU_PROLOG, COD_VEICULO_TIPO) VALUES('4_EE', 411, 'CTR2E');
INSERT INTO AVILAN.PNEU_POSICAO_AVILAN_PROLOG(POSICAO_PNEU_AVILAN, POSICAO_PNEU_PROLOG, COD_VEICULO_TIPO) VALUES('TDE', 221, 'CTR2E');
INSERT INTO AVILAN.PNEU_POSICAO_AVILAN_PROLOG(POSICAO_PNEU_AVILAN, POSICAO_PNEU_PROLOG, COD_VEICULO_TIPO) VALUES('2_DE', 211, 'CTR2E');
INSERT INTO AVILAN.PNEU_POSICAO_AVILAN_PROLOG(POSICAO_PNEU_AVILAN, POSICAO_PNEU_PROLOG, COD_VEICULO_TIPO) VALUES('DE', 111, 'CTR2E');
INSERT INTO AVILAN.PNEU_POSICAO_AVILAN_PROLOG(POSICAO_PNEU_AVILAN, POSICAO_PNEU_PROLOG, COD_VEICULO_TIPO) VALUES('DD', 121, 'CTR2E');
INSERT INTO AVILAN.PNEU_POSICAO_AVILAN_PROLOG(POSICAO_PNEU_AVILAN, POSICAO_PNEU_PROLOG, COD_VEICULO_TIPO) VALUES('2_DD', 221, 'CTR2E');
INSERT INTO AVILAN.PNEU_POSICAO_AVILAN_PROLOG(POSICAO_PNEU_AVILAN, POSICAO_PNEU_PROLOG, COD_VEICULO_TIPO) VALUES('TEI', 212, 'CTR2E');
INSERT INTO AVILAN.PNEU_POSICAO_AVILAN_PROLOG(POSICAO_PNEU_AVILAN, POSICAO_PNEU_PROLOG, COD_VEICULO_TIPO) VALUES('TDI', 222, 'CTR2E');
INSERT INTO AVILAN.PNEU_POSICAO_AVILAN_PROLOG(POSICAO_PNEU_AVILAN, POSICAO_PNEU_PROLOG, COD_VEICULO_TIPO) VALUES('4_EI', 412, 'CTR2E');
INSERT INTO AVILAN.PNEU_POSICAO_AVILAN_PROLOG(POSICAO_PNEU_AVILAN, POSICAO_PNEU_PROLOG, COD_VEICULO_TIPO) VALUES('4_DI', 422, 'CTR2E');
INSERT INTO AVILAN.PNEU_POSICAO_AVILAN_PROLOG(POSICAO_PNEU_AVILAN, POSICAO_PNEU_PROLOG, COD_VEICULO_TIPO) VALUES('3_DI', 322, 'CVTR');
INSERT INTO AVILAN.PNEU_POSICAO_AVILAN_PROLOG(POSICAO_PNEU_AVILAN, POSICAO_PNEU_PROLOG, COD_VEICULO_TIPO) VALUES('3_EE', 311, 'CVTR');
INSERT INTO AVILAN.PNEU_POSICAO_AVILAN_PROLOG(POSICAO_PNEU_AVILAN, POSICAO_PNEU_PROLOG, COD_VEICULO_TIPO) VALUES('3_DE', 321, 'CVTR');
INSERT INTO AVILAN.PNEU_POSICAO_AVILAN_PROLOG(POSICAO_PNEU_AVILAN, POSICAO_PNEU_PROLOG, COD_VEICULO_TIPO) VALUES('3_EI', 312, 'CVTR');
INSERT INTO AVILAN.PNEU_POSICAO_AVILAN_PROLOG(POSICAO_PNEU_AVILAN, POSICAO_PNEU_PROLOG, COD_VEICULO_TIPO) VALUES('TDI', 222, 'CVTR');
INSERT INTO AVILAN.PNEU_POSICAO_AVILAN_PROLOG(POSICAO_PNEU_AVILAN, POSICAO_PNEU_PROLOG, COD_VEICULO_TIPO) VALUES('TDE', 221, 'CVTR');
INSERT INTO AVILAN.PNEU_POSICAO_AVILAN_PROLOG(POSICAO_PNEU_AVILAN, POSICAO_PNEU_PROLOG, COD_VEICULO_TIPO) VALUES('TEI', 212, 'CVTR');
INSERT INTO AVILAN.PNEU_POSICAO_AVILAN_PROLOG(POSICAO_PNEU_AVILAN, POSICAO_PNEU_PROLOG, COD_VEICULO_TIPO) VALUES('TEE', 211, 'CVTR');
INSERT INTO AVILAN.PNEU_POSICAO_AVILAN_PROLOG(POSICAO_PNEU_AVILAN, POSICAO_PNEU_PROLOG, COD_VEICULO_TIPO) VALUES('DD', 121, 'CVTR');
INSERT INTO AVILAN.PNEU_POSICAO_AVILAN_PROLOG(POSICAO_PNEU_AVILAN, POSICAO_PNEU_PROLOG, COD_VEICULO_TIPO) VALUES('DE', 111, 'CVTR');
INSERT INTO AVILAN.PNEU_POSICAO_AVILAN_PROLOG(POSICAO_PNEU_AVILAN, POSICAO_PNEU_PROLOG, COD_VEICULO_TIPO) VALUES('B_EI', 312, 'C3');
INSERT INTO AVILAN.PNEU_POSICAO_AVILAN_PROLOG(POSICAO_PNEU_AVILAN, POSICAO_PNEU_PROLOG, COD_VEICULO_TIPO) VALUES('EST_1', 900, 'C3');
INSERT INTO AVILAN.PNEU_POSICAO_AVILAN_PROLOG(POSICAO_PNEU_AVILAN, POSICAO_PNEU_PROLOG, COD_VEICULO_TIPO) VALUES('B_EE', 311, 'C3');
INSERT INTO AVILAN.PNEU_POSICAO_AVILAN_PROLOG(POSICAO_PNEU_AVILAN, POSICAO_PNEU_PROLOG, COD_VEICULO_TIPO) VALUES('A_EE', 211, 'C3');
INSERT INTO AVILAN.PNEU_POSICAO_AVILAN_PROLOG(POSICAO_PNEU_AVILAN, POSICAO_PNEU_PROLOG, COD_VEICULO_TIPO) VALUES('A_EI', 212, 'C3');
INSERT INTO AVILAN.PNEU_POSICAO_AVILAN_PROLOG(POSICAO_PNEU_AVILAN, POSICAO_PNEU_PROLOG, COD_VEICULO_TIPO) VALUES('A_DE', 221, 'C3');
INSERT INTO AVILAN.PNEU_POSICAO_AVILAN_PROLOG(POSICAO_PNEU_AVILAN, POSICAO_PNEU_PROLOG, COD_VEICULO_TIPO) VALUES('A_DI', 222, 'C3');
INSERT INTO AVILAN.PNEU_POSICAO_AVILAN_PROLOG(POSICAO_PNEU_AVILAN, POSICAO_PNEU_PROLOG, COD_VEICULO_TIPO) VALUES('C_EI', 412, 'C3');
INSERT INTO AVILAN.PNEU_POSICAO_AVILAN_PROLOG(POSICAO_PNEU_AVILAN, POSICAO_PNEU_PROLOG, COD_VEICULO_TIPO) VALUES('B_DI', 322, 'C3');
INSERT INTO AVILAN.PNEU_POSICAO_AVILAN_PROLOG(POSICAO_PNEU_AVILAN, POSICAO_PNEU_PROLOG, COD_VEICULO_TIPO) VALUES('C_EE', 411, 'C3');
INSERT INTO AVILAN.PNEU_POSICAO_AVILAN_PROLOG(POSICAO_PNEU_AVILAN, POSICAO_PNEU_PROLOG, COD_VEICULO_TIPO) VALUES('B_DE', 321, 'C3');
INSERT INTO AVILAN.PNEU_POSICAO_AVILAN_PROLOG(POSICAO_PNEU_AVILAN, POSICAO_PNEU_PROLOG, COD_VEICULO_TIPO) VALUES('TEE', 211, 'CTR');
INSERT INTO AVILAN.PNEU_POSICAO_AVILAN_PROLOG(POSICAO_PNEU_AVILAN, POSICAO_PNEU_PROLOG, COD_VEICULO_TIPO) VALUES('TDE', 221, 'CTR');
INSERT INTO AVILAN.PNEU_POSICAO_AVILAN_PROLOG(POSICAO_PNEU_AVILAN, POSICAO_PNEU_PROLOG, COD_VEICULO_TIPO) VALUES('3_EE', 311, 'CTR');
INSERT INTO AVILAN.PNEU_POSICAO_AVILAN_PROLOG(POSICAO_PNEU_AVILAN, POSICAO_PNEU_PROLOG, COD_VEICULO_TIPO) VALUES('3_EI', 312, 'CTR');
INSERT INTO AVILAN.PNEU_POSICAO_AVILAN_PROLOG(POSICAO_PNEU_AVILAN, POSICAO_PNEU_PROLOG, COD_VEICULO_TIPO) VALUES('3_DE', 321, 'CTR');
INSERT INTO AVILAN.PNEU_POSICAO_AVILAN_PROLOG(POSICAO_PNEU_AVILAN, POSICAO_PNEU_PROLOG, COD_VEICULO_TIPO) VALUES('3_DI', 322, 'CTR');
INSERT INTO AVILAN.PNEU_POSICAO_AVILAN_PROLOG(POSICAO_PNEU_AVILAN, POSICAO_PNEU_PROLOG, COD_VEICULO_TIPO) VALUES('EST_1', 900, 'CTR');
INSERT INTO AVILAN.PNEU_POSICAO_AVILAN_PROLOG(POSICAO_PNEU_AVILAN, POSICAO_PNEU_PROLOG, COD_VEICULO_TIPO) VALUES('TEI', 212, 'CTR');
INSERT INTO AVILAN.PNEU_POSICAO_AVILAN_PROLOG(POSICAO_PNEU_AVILAN, POSICAO_PNEU_PROLOG, COD_VEICULO_TIPO) VALUES('DE', 111, 'CTR');
INSERT INTO AVILAN.PNEU_POSICAO_AVILAN_PROLOG(POSICAO_PNEU_AVILAN, POSICAO_PNEU_PROLOG, COD_VEICULO_TIPO) VALUES('DD', 121, 'CTR');
INSERT INTO AVILAN.PNEU_POSICAO_AVILAN_PROLOG(POSICAO_PNEU_AVILAN, POSICAO_PNEU_PROLOG, COD_VEICULO_TIPO) VALUES('TDI', 222, 'CTR');

INSERT INTO AVILAN.PNEU_POSICAO_AVILAN_PROLOG(POSICAO_PNEU_AVILAN, POSICAO_PNEU_PROLOG, COD_VEICULO_TIPO) VALUES('DE', 111, 'CT');
INSERT INTO AVILAN.PNEU_POSICAO_AVILAN_PROLOG(POSICAO_PNEU_AVILAN, POSICAO_PNEU_PROLOG, COD_VEICULO_TIPO) VALUES('DD', 121, 'CT');
INSERT INTO AVILAN.PNEU_POSICAO_AVILAN_PROLOG(POSICAO_PNEU_AVILAN, POSICAO_PNEU_PROLOG, COD_VEICULO_TIPO) VALUES('TEE', 211, 'CT');
INSERT INTO AVILAN.PNEU_POSICAO_AVILAN_PROLOG(POSICAO_PNEU_AVILAN, POSICAO_PNEU_PROLOG, COD_VEICULO_TIPO) VALUES('TEI', 212, 'CT');
INSERT INTO AVILAN.PNEU_POSICAO_AVILAN_PROLOG(POSICAO_PNEU_AVILAN, POSICAO_PNEU_PROLOG, COD_VEICULO_TIPO) VALUES('TDI', 222, 'CT');
INSERT INTO AVILAN.PNEU_POSICAO_AVILAN_PROLOG(POSICAO_PNEU_AVILAN, POSICAO_PNEU_PROLOG, COD_VEICULO_TIPO) VALUES('TDE', 221, 'CT');
INSERT INTO AVILAN.PNEU_POSICAO_AVILAN_PROLOG(POSICAO_PNEU_AVILAN, POSICAO_PNEU_PROLOG, COD_VEICULO_TIPO) VALUES('EST_1', 900, 'CT');

INSERT INTO AVILAN.PNEU_POSICAO_AVILAN_PROLOG(POSICAO_PNEU_AVILAN, POSICAO_PNEU_PROLOG, COD_VEICULO_TIPO) VALUES('EST_2', 901, 'CT');
INSERT INTO AVILAN.PNEU_POSICAO_AVILAN_PROLOG(POSICAO_PNEU_AVILAN, POSICAO_PNEU_PROLOG, COD_VEICULO_TIPO) VALUES('EST_3', 902, 'CT');
INSERT INTO AVILAN.PNEU_POSICAO_AVILAN_PROLOG(POSICAO_PNEU_AVILAN, POSICAO_PNEU_PROLOG, COD_VEICULO_TIPO) VALUES('EST_4', 903, 'CT');
INSERT INTO AVILAN.PNEU_POSICAO_AVILAN_PROLOG(POSICAO_PNEU_AVILAN, POSICAO_PNEU_PROLOG, COD_VEICULO_TIPO) VALUES('EST_5', 904, 'CT');

INSERT INTO AVILAN.PNEU_POSICAO_AVILAN_PROLOG(POSICAO_PNEU_AVILAN, POSICAO_PNEU_PROLOG, COD_VEICULO_TIPO) VALUES('EST_2', 901, 'CTR');
INSERT INTO AVILAN.PNEU_POSICAO_AVILAN_PROLOG(POSICAO_PNEU_AVILAN, POSICAO_PNEU_PROLOG, COD_VEICULO_TIPO) VALUES('EST_3', 902, 'CTR');
INSERT INTO AVILAN.PNEU_POSICAO_AVILAN_PROLOG(POSICAO_PNEU_AVILAN, POSICAO_PNEU_PROLOG, COD_VEICULO_TIPO) VALUES('EST_4', 903, 'CTR');
INSERT INTO AVILAN.PNEU_POSICAO_AVILAN_PROLOG(POSICAO_PNEU_AVILAN, POSICAO_PNEU_PROLOG, COD_VEICULO_TIPO) VALUES('EST_5', 904, 'CTR');

INSERT INTO AVILAN.PNEU_POSICAO_AVILAN_PROLOG(POSICAO_PNEU_AVILAN, POSICAO_PNEU_PROLOG, COD_VEICULO_TIPO) VALUES('EST_2', 901, 'C3');
INSERT INTO AVILAN.PNEU_POSICAO_AVILAN_PROLOG(POSICAO_PNEU_AVILAN, POSICAO_PNEU_PROLOG, COD_VEICULO_TIPO) VALUES('EST_3', 902, 'C3');
INSERT INTO AVILAN.PNEU_POSICAO_AVILAN_PROLOG(POSICAO_PNEU_AVILAN, POSICAO_PNEU_PROLOG, COD_VEICULO_TIPO) VALUES('EST_4', 903, 'C3');
INSERT INTO AVILAN.PNEU_POSICAO_AVILAN_PROLOG(POSICAO_PNEU_AVILAN, POSICAO_PNEU_PROLOG, COD_VEICULO_TIPO) VALUES('EST_5', 904, 'C3');

INSERT INTO AVILAN.PNEU_POSICAO_AVILAN_PROLOG(POSICAO_PNEU_AVILAN, POSICAO_PNEU_PROLOG, COD_VEICULO_TIPO) VALUES('EST_2', 901, 'CVTR');
INSERT INTO AVILAN.PNEU_POSICAO_AVILAN_PROLOG(POSICAO_PNEU_AVILAN, POSICAO_PNEU_PROLOG, COD_VEICULO_TIPO) VALUES('EST_3', 902, 'CVTR');
INSERT INTO AVILAN.PNEU_POSICAO_AVILAN_PROLOG(POSICAO_PNEU_AVILAN, POSICAO_PNEU_PROLOG, COD_VEICULO_TIPO) VALUES('EST_4', 903, 'CVTR');
INSERT INTO AVILAN.PNEU_POSICAO_AVILAN_PROLOG(POSICAO_PNEU_AVILAN, POSICAO_PNEU_PROLOG, COD_VEICULO_TIPO) VALUES('EST_5', 904, 'CVTR');

INSERT INTO AVILAN.PNEU_POSICAO_AVILAN_PROLOG(POSICAO_PNEU_AVILAN, POSICAO_PNEU_PROLOG, COD_VEICULO_TIPO) VALUES('EST_2', 901, 'CTR2E');
INSERT INTO AVILAN.PNEU_POSICAO_AVILAN_PROLOG(POSICAO_PNEU_AVILAN, POSICAO_PNEU_PROLOG, COD_VEICULO_TIPO) VALUES('EST_3', 902, 'CTR2E');
INSERT INTO AVILAN.PNEU_POSICAO_AVILAN_PROLOG(POSICAO_PNEU_AVILAN, POSICAO_PNEU_PROLOG, COD_VEICULO_TIPO) VALUES('EST_4', 903, 'CTR2E');
INSERT INTO AVILAN.PNEU_POSICAO_AVILAN_PROLOG(POSICAO_PNEU_AVILAN, POSICAO_PNEU_PROLOG, COD_VEICULO_TIPO) VALUES('EST_5', 904, 'CTR2E');

INSERT INTO AVILAN.PNEU_POSICAO_AVILAN_PROLOG(POSICAO_PNEU_AVILAN, POSICAO_PNEU_PROLOG, COD_VEICULO_TIPO) VALUES('C_DI', 422, 'C3');

--=====================================================================================================================
--=====================================================================================================================